11.0,-46.0,-45.0,1.0,-45.81818181818182,-46.0,0.40451991747794525,6003.0,1141.0,1266.0,125.0,1199.3333333333333,1192.0,44.53088815642464,2.0,2.0
10.0,-47.0,-44.0,3.0,-45.9,-46.0,1.1005049346146119,6223.0,1181.0,1305.0,124.0,1246.0,1225.0,48.42372499980916,2.0,2.0
10.0,-47.0,-44.0,3.0,-45.0,-44.0,1.3333333333333333,5723.0,988.0,1253.0,265.0,1150.625,1134.5,81.41066532446119,2.0,2.0
10.0,-46.0,-44.0,2.0,-45.2,-45.5,0.9189365834726814,5695.0,1087.0,1282.0,195.0,1122.625,1099.5,65.62433673134207,2.0,2.0
10.0,-48.0,-45.0,3.0,-46.0,-45.5,1.1547005383792515,6190.0,1192.0,1278.0,86.0,1230.25,1230.0,30.844077921979494,2.0,2.0
10.0,-48.0,-46.0,2.0,-46.2,-46.0,0.6324555320336757,5907.0,1085.0,1275.0,190.0,1181.75,1143.5,77.75740662929985,2.0,2.0
8.0,-46.0,-46.0,0.0,-46.0,-46.0,0.0,5621.0,1215.0,1865.0,650.0,1450.1666666666667,1271.0,322.67718646763154,2.0,2.0
10.0,-46.0,-45.0,1.0,-45.7,-46.0,0.48304589153964794,6245.0,1210.0,1360.0,150.0,1235.75,1215.5,51.37745475539692,2.0,2.0
10.0,-47.0,-45.0,2.0,-45.5,-45.0,0.7071067811865476,5900.0,1109.0,1301.0,192.0,1180.5,1134.0,86.80190912976182,2.0,2.0
10.0,-47.0,-45.0,2.0,-45.7,-46.0,0.6749485577105528,5246.0,708.0,1145.0,437.0,1082.5,1134.0,151.55951212076963,2.0,2.0
10.0,-48.0,-44.0,4.0,-46.5,-47.0,1.1785113019775793,6105.0,1160.0,1264.0,104.0,1216.125,1214.5,42.820013678519196,2.0,2.0
10.0,-47.0,-44.0,3.0,-46.7,-47.0,0.9486832980505138,5804.0,1042.0,1240.0,198.0,1165.875,1209.0,73.68162690153594,2.0,2.0
10.0,-47.0,-44.0,3.0,-46.2,-47.0,1.3165611772087666,5501.0,1049.0,1173.0,124.0,1108.0,1102.0,45.31477211052232,2.0,2.0
10.0,-47.0,-44.0,3.0,-45.6,-45.0,1.2649110640673515,6113.0,1119.0,1361.0,242.0,1237.375,1227.5,86.74912514997321,2.0,2.0
10.0,-47.0,-45.0,2.0,-46.0,-46.0,0.9428090415820634,5761.0,1095.0,1221.0,126.0,1143.5,1133.5,46.17049150392798,2.0,2.0
8.0,-46.0,-45.0,1.0,-45.875,-46.0,0.3535533905932738,5022.0,1090.0,1381.0,291.0,1262.1666666666667,1275.5,99.65824936585364,2.0,2.0
10.0,-46.0,-46.0,0.0,-46.0,-46.0,0.0,6476.0,1111.0,1686.0,575.0,1269.375,1216.5,174.04674043814455,2.0,2.0
10.0,-47.0,-46.0,1.0,-46.5,-46.5,0.5270462766947299,5804.0,1104.0,1236.0,132.0,1158.625,1120.0,58.34365554931524,2.0,2.0
10.0,-47.0,-45.0,2.0,-46.4,-47.0,0.8432740427115679,6022.0,1117.0,1275.0,158.0,1206.625,1230.0,66.26125241367365,2.0,2.0
10.0,-47.0,-45.0,2.0,-45.8,-46.0,0.6324555320336758,5887.0,1100.0,1243.0,143.0,1170.875,1151.0,62.6793141999131,2.0,2.0
10.0,-46.0,-45.0,1.0,-45.4,-45.0,0.5163977794943222,5730.0,808.0,1331.0,523.0,1114.875,1162.5,203.1708904205662,2.0,2.0
10.0,-47.0,-45.0,2.0,-45.9,-46.0,0.5676462121975466,5793.0,1034.0,1279.0,245.0,1137.125,1135.0,93.44736868572444,2.0,2.0
11.0,-54.0,-53.0,1.0,-53.63636363636363,-54.0,0.5045249791095129,5582.0,1059.0,1246.0,187.0,1102.0,1089.0,57.05260730238365,2.0,5.0
10.0,-54.0,-54.0,0.0,-54.0,-54.0,0.0,6177.0,1097.0,1323.0,226.0,1233.0,1266.0,90.09201645302112,2.0,5.0
10.0,-54.0,-54.0,0.0,-54.0,-54.0,0.0,6078.0,1123.0,1269.0,146.0,1228.25,1240.0,48.96281387805589,2.0,5.0
8.0,-54.0,-54.0,0.0,-54.0,-54.0,0.0,5051.0,1216.0,1304.0,88.0,1264.0,1266.0,30.672463220289302,2.0,5.0
10.0,-54.0,-53.0,1.0,-53.3,-53.0,0.4830458915396479,5399.0,715.0,1253.0,538.0,1128.5,1188.0,181.95289814360513,2.0,5.0
10.0,-56.0,-53.0,3.0,-53.3,-53.0,0.9486832980505138,5921.0,1112.0,1258.0,146.0,1178.125,1165.0,54.26505715993883,2.0,5.0
10.0,-53.0,-53.0,0.0,-53.0,-53.0,0.0,6171.0,1200.0,1290.0,90.0,1233.875,1214.0,38.42409028572718,2.0,5.0
9.0,-53.0,-53.0,0.0,-53.0,-53.0,0.0,5963.0,1125.0,1258.0,133.0,1192.2857142857142,1219.0,64.34727211445275,2.0,5.0
10.0,-53.0,-53.0,0.0,-53.0,-53.0,0.0,5317.0,626.0,1275.0,649.0,1045.875,1148.0,269.1921445998856,2.0,5.0
10.0,-54.0,-53.0,1.0,-53.1,-53.0,0.31622776601683783,6208.0,1147.0,1347.0,200.0,1232.375,1216.5,70.50823153565628,2.0,5.0
10.0,-53.0,-53.0,0.0,-53.0,-53.0,0.0,5874.0,1113.0,1222.0,109.0,1177.375,1205.5,49.8510280736516,2.0,5.0
10.0,-53.0,-53.0,0.0,-53.0,-53.0,0.0,5792.0,1057.0,1324.0,267.0,1146.875,1152.0,86.58016516500763,2.0,5.0
10.0,-53.0,-53.0,0.0,-53.0,-53.0,0.0,6155.0,1160.0,1321.0,161.0,1235.875,1249.0,67.87054378952415,2.0,5.0
10.0,-53.0,-53.0,0.0,-53.0,-53.0,0.0,5603.0,1089.0,1157.0,68.0,1121.25,1106.5,27.809299575090755,2.0,5.0
8.0,-53.0,-53.0,0.0,-53.0,-53.0,0.0,5068.0,1243.0,1314.0,71.0,1262.8333333333333,1255.5,27.35994639370967,2.0,5.0
10.0,-53.0,-53.0,0.0,-53.0,-53.0,0.0,5903.0,1095.0,1414.0,319.0,1190.5,1115.0,139.60556681491713,2.0,5.0
8.0,-53.0,-53.0,0.0,-53.0,-53.0,0.0,5139.0,1212.0,1335.0,123.0,1288.5,1296.0,43.839479923922454,2.0,5.0
10.0,-53.0,-53.0,0.0,-53.0,-53.0,0.0,5799.0,1079.0,1255.0,176.0,1147.0,1128.0,71.58212067269312,2.0,5.0
10.0,-53.0,-53.0,0.0,-53.0,-53.0,0.0,5458.0,535.0,1291.0,756.0,1146.25,1217.5,249.79405803295526,2.0,5.0
10.0,-53.0,-53.0,0.0,-53.0,-53.0,0.0,5643.0,1118.0,1144.0,26.0,1128.75,1124.0,11.042127124271456,2.0,5.0
10.0,-54.0,-53.0,1.0,-53.3,-53.0,0.48304589153964794,5631.0,1067.0,1208.0,141.0,1126.0,1105.0,56.356011214421486,2.0,5.0
10.0,-54.0,-53.0,1.0,-53.1,-53.0,0.31622776601683783,5582.0,1054.0,1222.0,168.0,1111.0,1115.5,52.03844732503075,2.0,5.0
8.0,-53.0,-53.0,0.0,-53.0,-53.0,0.0,5365.0,1204.0,1736.0,532.0,1386.6666666666667,1219.0,270.66559934108113,2.0,5.0
10.0,-53.0,-53.0,0.0,-53.0,-53.0,0.0,6013.0,1095.0,1244.0,149.0,1212.25,1235.5,50.1476391696131,2.0,5.0
10.0,-54.0,-53.0,1.0,-53.1,-53.0,0.31622776601683794,5960.0,1083.0,1305.0,222.0,1187.25,1173.0,87.57649717328763,2.0,5.0
10.0,-54.0,-54.0,0.0,-54.0,-54.0,0.0,5983.0,1085.0,1245.0,160.0,1206.625,1213.5,51.182970103066786,2.0,5.0
8.0,-54.0,-52.0,2.0,-53.0,-53.0,0.5345224838248488,5205.0,1263.0,1388.0,125.0,1290.3333333333333,1274.0,48.318388494098876,2.0,5.0
6.0,-53.0,-52.0,1.0,-52.166666666666664,-52.0,0.408248290463863,5994.0,1070.0,1319.0,249.0,1198.8,1241.0,106.34942406990271,1.0,5.0
5.0,-52.0,-52.0,0.0,-52.0,-52.0,0.0,5385.0,1204.0,1632.0,428.0,1346.25,1274.5,194.8715388830977,1.0,5.0
6.0,-52.0,-52.0,0.0,-52.0,-52.0,0.0,6131.0,1196.0,1240.0,44.0,1226.2,1230.0,17.894133116750865,1.0,5.0
6.0,-53.0,-52.0,1.0,-52.333333333333336,-52.0,0.5163977794943223,6166.0,1204.0,1280.0,76.0,1233.2,1230.0,28.80451353520833,1.0,5.0
5.0,-53.0,-52.0,1.0,-52.2,-52.0,0.4472135954999579,5443.0,1221.0,1679.0,458.0,1360.75,1271.5,214.76246568398926,1.0,5.0
6.0,-53.0,-52.0,1.0,-52.166666666666664,-52.0,0.408248290463863,5587.0,1064.0,1160.0,96.0,1117.4,1113.0,37.42058257162761,1.0,5.0
6.0,-53.0,-52.0,1.0,-52.166666666666664,-52.0,0.408248290463863,6092.0,1143.0,1301.0,158.0,1218.4,1216.0,56.06959960620372,1.0,5.0
6.0,-53.0,-52.0,1.0,-52.5,-52.5,0.5477225575051661,5212.0,594.0,1268.0,674.0,1042.4,1097.0,260.5787788750266,1.0,5.0
5.0,-52.0,-52.0,0.0,-52.0,-52.0,0.0,5061.0,1215.0,1296.0,81.0,1265.25,1275.0,35.169826082405734,1.0,5.0
6.0,-53.0,-52.0,1.0,-52.333333333333336,-52.0,0.5163977794943222,5658.0,1098.0,1196.0,98.0,1131.6,1129.0,39.05508929704296,1.0,5.0
5.0,-52.0,-52.0,0.0,-52.0,-52.0,0.0,5453.0,1206.0,1755.0,549.0,1363.25,1246.0,263.1468221354763,1.0,5.0
6.0,-53.0,-52.0,1.0,-52.666666666666664,-53.0,0.5163977794943223,5958.0,1106.0,1333.0,227.0,1191.6,1131.0,102.78034831620293,1.0,5.0
6.0,-54.0,-53.0,1.0,-53.833333333333336,-54.0,0.408248290463863,5912.0,1121.0,1258.0,137.0,1182.4,1167.0,54.852529567924215,1.0,5.0
6.0,-54.0,-53.0,1.0,-53.833333333333336,-54.0,0.408248290463863,6070.0,1101.0,1338.0,237.0,1214.0,1162.0,113.89688318825937,1.0,5.0
6.0,-54.0,-54.0,0.0,-54.0,-54.0,0.0,6086.0,1137.0,1242.0,105.0,1217.2,1238.0,45.05219195555306,1.0,5.0
6.0,-54.0,-52.0,2.0,-53.0,-53.0,0.6324555320336759,5548.0,1073.0,1134.0,61.0,1109.6,1119.0,24.592681838303037,1.0,5.0
6.0,-53.0,-53.0,0.0,-53.0,-53.0,0.0,5537.0,636.0,1284.0,648.0,1107.4,1193.0,266.5441802028324,1.0,5.0
6.0,-53.0,-52.0,1.0,-52.833333333333336,-53.0,0.408248290463863,13275.0,1079.0,8532.0,7453.0,2655.0,1201.0,3286.146299238669,1.0,5.0
6.0,-54.0,-52.0,2.0,-52.666666666666664,-52.5,0.816496580927726,12791.0,1094.0,8355.0,7261.0,2558.2,1101.0,3240.563484951344,1.0,5.0
6.0,-54.0,-53.0,1.0,-53.166666666666664,-53.0,0.408248290463863,5973.0,1063.0,1261.0,198.0,1194.6,1219.0,76.41204093596768,1.0,5.0
5.0,-54.0,-53.0,1.0,-53.4,-53.0,0.5477225575051661,5016.0,1177.0,1330.0,153.0,1254.0,1254.5,73.09810759064378,1.0,5.0
6.0,-54.0,-53.0,1.0,-53.666666666666664,-54.0,0.5163977794943223,5868.0,1102.0,1235.0,133.0,1173.6,1185.0,59.218240433163835,1.0,5.0
6.0,-54.0,-54.0,0.0,-54.0,-54.0,0.0,5949.0,1138.0,1301.0,163.0,1189.8,1144.0,72.34777121653437,1.0,5.0
6.0,-54.0,-54.0,0.0,-54.0,-54.0,0.0,5982.0,1103.0,1325.0,222.0,1196.4,1166.0,83.48532805229911,1.0,5.0
6.0,-54.0,-54.0,0.0,-54.0,-54.0,0.0,6141.0,1177.0,1335.0,158.0,1228.2,1210.0,61.6498175179781,1.0,5.0
6.0,-54.0,-54.0,0.0,-54.0,-54.0,0.0,6175.0,1181.0,1292.0,111.0,1235.0,1231.0,41.89868733027325,1.0,5.0
6.0,-53.0,-53.0,0.0,-53.0,-53.0,0.0,5671.0,1091.0,1243.0,152.0,1134.2,1101.0,64.38322762956203,1.0,5.0
5.0,-54.0,-53.0,1.0,-53.2,-53.0,0.4472135954999579,5309.0,1182.0,1674.0,492.0,1327.25,1226.5,232.34080571436434,1.0,5.0
6.0,-53.0,-53.0,0.0,-53.0,-53.0,0.0,5837.0,1102.0,1259.0,157.0,1167.4,1163.0,65.66810489118747,1.0,5.0
6.0,-47.0,-46.0,1.0,-46.166666666666664,-46.0,0.408248290463863,5956.0,1088.0,1274.0,186.0,1191.2,1200.0,72.47896246498014,1.0,2.0
6.0,-48.0,-44.0,4.0,-45.5,-45.5,1.51657508881031,6222.0,1215.0,1310.0,95.0,1244.4,1231.0,37.5473034983872,1.0,2.0
6.0,-47.0,-45.0,2.0,-46.333333333333336,-46.5,0.816496580927726,6124.0,1213.0,1242.0,29.0,1224.8,1221.0,12.029131306956458,1.0,2.0
6.0,-48.0,-45.0,3.0,-46.666666666666664,-47.0,1.3662601021279464,5695.0,768.0,1265.0,497.0,1139.0,1202.0,209.60081106713304,1.0,2.0
5.0,-48.0,-46.0,2.0,-47.0,-47.0,0.7071067811865476,5010.0,1230.0,1298.0,68.0,1252.5,1241.0,30.946189857019014,1.0,2.0
6.0,-48.0,-47.0,1.0,-47.666666666666664,-48.0,0.5163977794943223,6213.0,1204.0,1279.0,75.0,1242.6,1246.0,30.80259729308553,1.0,2.0
5.0,-48.0,-48.0,0.0,-48.0,-48.0,0.0,5313.0,1195.0,1696.0,501.0,1328.25,1211.0,245.29489055692403,1.0,2.0
6.0,-48.0,-48.0,0.0,-48.0,-48.0,0.0,6140.0,1156.0,1271.0,115.0,1228.0,1241.0,43.09292285283048,1.0,2.0
5.0,-48.0,-48.0,0.0,-48.0,-48.0,0.0,5004.0,1179.0,1319.0,140.0,1251.0,1253.0,59.486693189877904,1.0,2.0
5.0,-48.0,-48.0,0.0,-48.0,-48.0,0.0,5516.0,1259.0,1673.0,414.0,1379.0,1292.0,197.2274490700183,1.0,2.0
5.0,-48.0,-48.0,0.0,-48.0,-48.0,0.0,5020.0,1215.0,1330.0,115.0,1255.0,1237.5,51.24451190127583,1.0,2.0
5.0,-48.0,-48.0,0.0,-48.0,-48.0,0.0,5052.0,1194.0,1317.0,123.0,1263.0,1270.5,51.32250968142536,1.0,2.0
6.0,-48.0,-45.0,3.0,-46.666666666666664,-46.5,1.2110601416389966,6210.0,1227.0,1296.0,69.0,1242.0,1229.0,30.23243291566195,1.0,2.0
6.0,-47.0,-45.0,2.0,-45.833333333333336,-46.0,0.752772652709081,6212.0,1191.0,1289.0,98.0,1242.4,1241.0,37.666961650762325,1.0,2.0
5.0,-47.0,-45.0,2.0,-46.0,-46.0,0.7071067811865476,5054.0,1197.0,1330.0,133.0,1263.5,1263.5,60.43453758682475,1.0,2.0
5.0,-47.0,-45.0,2.0,-46.0,-46.0,0.7071067811865476,5409.0,1207.0,1693.0,486.0,1352.25,1254.5,228.5335496887346,1.0,2.0
6.0,-47.0,-45.0,2.0,-45.833333333333336,-46.0,0.752772652709081,6147.0,1147.0,1344.0,197.0,1229.4,1219.0,71.33232086508892,1.0,2.0
5.0,-47.0,-45.0,2.0,-45.6,-45.0,0.8944271909999159,5214.0,1241.0,1354.0,113.0,1303.5,1309.5,52.50079364479487,1.0,2.0
6.0,-47.0,-44.0,3.0,-45.333333333333336,-45.0,1.505545305418162,5932.0,1091.0,1284.0,193.0,1186.4,1211.0,78.72928298924106,1.0,2.0
6.0,-47.0,-46.0,1.0,-46.166666666666664,-46.0,0.408248290463863,5895.0,1105.0,1309.0,204.0,1179.0,1162.0,79.13595895672206,1.0,2.0
6.0,-47.0,-46.0,1.0,-46.333333333333336,-46.0,0.5163977794943223,6799.0,1221.0,1837.0,616.0,1359.8,1250.0,267.0593566980944,1.0,2.0
6.0,-47.0,-44.0,3.0,-45.333333333333336,-45.0,1.505545305418162,6180.0,1187.0,1328.0,141.0,1236.0,1216.0,54.300092080953235,1.0,2.0
6.0,-48.0,-44.0,4.0,-46.5,-47.0,1.378404875209022,5818.0,1107.0,1262.0,155.0,1163.6,1128.0,64.06481093392847,1.0,2.0
6.0,-47.0,-45.0,2.0,-45.333333333333336,-45.0,0.8164965809277259,6194.0,1144.0,1286.0,142.0,1238.8,1248.0,57.6341912409639,1.0,2.0
6.0,-47.0,-44.0,3.0,-45.5,-45.0,1.224744871391589,5864.0,1130.0,1264.0,134.0,1172.8,1159.0,55.08811124008518,1.0,2.0
6.0,-47.0,-45.0,2.0,-46.333333333333336,-47.0,1.0327955589886444,5945.0,1131.0,1320.0,189.0,1189.0,1147.0,81.21268373844076,1.0,2.0
5.0,-47.0,-45.0,2.0,-46.4,-47.0,0.8944271909999159,5306.0,1228.0,1575.0,347.0,1326.5,1251.5,166.25783189572354,1.0,2.0
5.0,-47.0,-46.0,1.0,-46.4,-46.0,0.5477225575051661,5120.0,1209.0,1379.0,170.0,1280.0,1266.0,72.0462814215048,1.0,2.0
6.0,-47.0,-46.0,1.0,-46.666666666666664,-47.0,0.5163977794943223,6121.0,1208.0,1240.0,32.0,1224.2,1222.0,13.6088206689632,1.0,2.0
6.0,-68.0,-67.0,1.0,-67.83333333333333,-68.0,0.408248290463863,6304.0,1219.0,1317.0,98.0,1260.8,1255.0,39.93995493237317,1.0,45.9
5.0,-69.0,-66.0,3.0,-67.4,-67.0,1.140175425099138,33026.0,1216.0,21123.0,19907.0,8256.5,5343.5,9401.985339987152,1.0,45.9
5.0,-67.0,-66.0,1.0,-66.4,-66.0,0.5477225575051661,69410.0,1225.0,48939.0,47714.0,17352.5,9623.0,21517.18453546684,1.0,45.9
5.0,-67.0,-66.0,1.0,-66.6,-67.0,0.5477225575051661,57555.0,1197.0,45586.0,44389.0,14388.75,5386.0,20891.89198987652,1.0,45.9
5.0,-67.0,-66.0,1.0,-66.4,-66.0,0.5477225575051661,62110.0,1191.0,48904.0,47713.0,15527.5,6007.5,22706.683487466857,1.0,45.9
5.0,-71.0,-67.0,4.0,-68.4,-68.0,1.6733200530681511,15644.0,1188.0,11894.0,10706.0,3911.0,1281.0,5322.182822865069,1.0,45.9
5.0,-74.0,-66.0,8.0,-68.8,-67.0,3.5637059362410923,5024.0,1204.0,1300.0,96.0,1256.0,1260.0,41.31989028704376,1.0,45.9
5.0,-66.0,-65.0,1.0,-65.4,-65.0,0.5477225575051661,5108.0,1124.0,1397.0,273.0,1277.0,1293.5,119.27279656317278,1.0,45.9
11.0,-72.0,-67.0,5.0,-69.72727272727273,-71.0,2.0538212722098823,6094.0,1176.0,1263.0,87.0,1213.888888888889,1235.0,35.24004981709179,2.0,45.9
10.0,-70.0,-66.0,4.0,-68.2,-68.5,1.4757295747452437,6149.0,1217.0,1242.0,25.0,1230.25,1230.5,10.38886766825776,2.0,45.9
8.0,-69.0,-67.0,2.0,-68.375,-68.5,0.7440238091428449,5090.0,1207.0,1395.0,188.0,1288.0,1246.0,82.67043002186453,2.0,45.9
8.0,-71.0,-69.0,2.0,-69.625,-69.5,0.7440238091428449,41768.0,1232.0,38000.0,36768.0,7384.333333333333,1268.5,14998.574127785168,2.0,45.9
10.0,-70.0,-69.0,1.0,-69.7,-70.0,0.4830458915396479,6189.0,1195.0,1311.0,116.0,1227.375,1217.5,37.61814721646987,2.0,45.9
8.0,-71.0,-69.0,2.0,-69.75,-70.0,0.7071067811865476,111988.0,1243.0,59911.0,58668.0,27137.166666666668,25417.0,28560.79832509355,2.0,45.9
8.0,-70.0,-69.0,1.0,-69.875,-70.0,0.3535533905932738,31025.0,1161.0,11914.0,10753.0,8162.666666666667,8975.5,4003.5690410765574,2.0,45.9
8.0,-71.0,-69.0,2.0,-69.875,-70.0,0.6408699444616557,66078.0,1146.0,47600.0,46454.0,19137.5,8666.0,22396.81973629292,2.0,45.9
8.0,-71.0,-69.0,2.0,-69.875,-70.0,0.6408699444616557,163990.0,1188.0,59877.0,58689.0,37509.166666666664,51462.5,28399.5218087676,2.0,45.9
8.0,-70.0,-69.0,1.0,-69.625,-70.0,0.5175491695067657,17625.0,1138.0,8424.0,7286.0,5482.0,6843.0,3407.3552793919216,2.0,45.9
9.0,-33.0,-31.0,2.0,-31.555555555555557,-31.0,0.8819171036881966,5397.0,1301.0,1433.0,132.0,1337.2857142857142,1317.0,46.13283099093416,2.0,1.0
8.0,-32.0,-32.0,0.0,-32.0,-32.0,0.0,5558.0,1307.0,1504.0,197.0,1395.6666666666667,1373.5,96.83112447279886,2.0,1.0
8.0,-33.0,-32.0,1.0,-32.25,-32.0,0.4629100498862757,5025.0,898.0,1392.0,494.0,1299.1666666666667,1377.5,196.92883655439257,2.0,1.0
8.0,-32.0,-32.0,0.0,-32.0,-32.0,0.0,5476.0,1313.0,1426.0,113.0,1356.3333333333333,1348.5,43.93024774192227,2.0,1.0
8.0,-33.0,-32.0,1.0,-32.125,-32.0,0.3535533905932738,5561.0,1337.0,1448.0,111.0,1375.6666666666667,1354.0,47.23840245675828,2.0,1.0
8.0,-33.0,-33.0,0.0,-33.0,-33.0,0.0,5520.0,1348.0,1444.0,96.0,1372.0,1364.0,36.133087330035885,2.0,1.0
8.0,-33.0,-33.0,0.0,-33.0,-33.0,0.0,5594.0,1330.0,1454.0,124.0,1396.5,1405.0,55.98124685999768,2.0,1.0
9.0,-34.0,-31.0,3.0,-32.666666666666664,-33.0,0.9999999999999999,5473.0,1328.0,1410.0,82.0,1365.5714285714287,1348.0,36.165624299220674,2.0,1.0
8.0,-33.0,-32.0,1.0,-32.75,-33.0,0.4629100498862757,5945.0,1436.0,1532.0,96.0,1484.5,1488.5,45.689167206242665,2.0,1.0
8.0,-33.0,-31.0,2.0,-31.5,-31.0,0.7559289460184544,5769.0,1392.0,1565.0,173.0,1426.6666666666667,1399.0,68.20166175883597,2.0,1.0
8.0,-33.0,-31.0,2.0,-32.5,-33.0,0.7559289460184544,5217.0,902.0,1466.0,564.0,1344.5,1425.0,220.51553233275882,2.0,1.0
8.0,-33.0,-32.0,1.0,-32.75,-33.0,0.4629100498862757,5689.0,1402.0,1461.0,59.0,1418.6666666666667,1413.0,22.268063828421784,2.0,1.0
8.0,-33.0,-32.0,1.0,-32.125,-32.0,0.3535533905932738,5886.0,1405.0,1576.0,171.0,1477.8333333333333,1453.0,79.37106945648816,2.0,1.0
8.0,-33.0,-32.0,1.0,-32.125,-32.0,0.3535533905932738,5194.0,911.0,1504.0,593.0,1254.6666666666667,1389.0,269.92566878062314,2.0,1.0
9.0,-34.0,-32.0,2.0,-33.111111111111114,-33.0,0.927960727138337,6113.0,1320.0,1992.0,672.0,1543.2857142857142,1378.0,308.6533731581509,2.0,1.0
8.0,-32.0,-32.0,0.0,-32.0,-32.0,0.0,5827.0,1395.0,1527.0,132.0,1458.1666666666667,1453.0,61.19613277541864,2.0,1.0
8.0,-32.0,-32.0,0.0,-32.0,-32.0,0.0,5622.0,1384.0,1463.0,79.0,1411.8333333333333,1388.0,39.71103960697411,2.0,1.0
8.0,-32.0,-32.0,0.0,-32.0,-32.0,0.0,5577.0,1266.0,1464.0,198.0,1404.1666666666667,1424.0,69.6057947779254,2.0,1.0
8.0,-35.0,-32.0,3.0,-32.375,-32.0,1.0606601717798212,5828.0,1405.0,1569.0,164.0,1440.8333333333333,1411.0,64.35655884730528,2.0,1.0
8.0,-32.0,-32.0,0.0,-32.0,-32.0,0.0,5713.0,1401.0,1461.0,60.0,1422.6666666666667,1421.5,21.951461606614412,2.0,1.0
8.0,-32.0,-32.0,0.0,-32.0,-32.0,0.0,5627.0,1338.0,1448.0,110.0,1395.8333333333333,1410.0,47.0081553208235,2.0,1.0
11.0,-77.0,-71.0,6.0,-72.9090909090909,-73.0,1.7002673586554236,6257.0,1190.0,1365.0,175.0,1249.888888888889,1237.0,69.89714665929583,2.0,61.2
8.0,-77.0,-73.0,4.0,-75.75,-76.5,1.5811388300841898,5612.0,1263.0,1764.0,501.0,1357.3333333333333,1268.0,200.28746008341776,2.0,61.2
8.0,-76.0,-74.0,2.0,-75.375,-76.0,0.9161253813129043,5064.0,1224.0,1337.0,113.0,1262.0,1253.0,42.745760023656146,2.0,61.2
8.0,-75.0,-74.0,1.0,-74.75,-75.0,0.4629100498862757,5115.0,1218.0,1342.0,124.0,1273.8333333333333,1277.5,52.715905253221884,2.0,61.2
10.0,-78.0,-72.0,6.0,-75.4,-75.5,2.0110804171997807,6177.0,1218.0,1278.0,60.0,1238.875,1231.0,25.170490091147837,2.0,61.2
10.0,-77.0,-73.0,4.0,-74.8,-74.0,1.3165611772087666,5886.0,706.0,1367.0,661.0,1152.0,1293.5,279.6400747900262,2.0,61.2
8.0,-77.0,-74.0,3.0,-76.0,-76.5,1.3093073414159542,5210.0,1255.0,1330.0,75.0,1299.3333333333333,1313.0,36.1920801649569,2.0,61.2
8.0,-78.0,-74.0,4.0,-75.375,-75.0,1.5059406173077154,5011.0,1202.0,1307.0,105.0,1243.3333333333333,1245.5,38.94954000584175,2.0,61.2
8.0,-77.0,-74.0,3.0,-75.125,-75.0,1.1259916264596033,5060.0,1215.0,1315.0,100.0,1274.3333333333333,1269.5,37.48955410066472,2.0,61.2
8.0,-76.0,-72.0,4.0,-74.375,-74.5,1.5979898086569353,5085.0,1236.0,1302.0,66.0,1279.8333333333333,1291.5,25.553212452970893,2.0,61.2
8.0,-76.0,-73.0,3.0,-74.125,-73.5,1.3562026818605375,5061.0,1216.0,1318.0,102.0,1266.6666666666667,1264.5,52.35901705214362,2.0,61.2
10.0,-77.0,-72.0,5.0,-74.0,-74.0,1.4907119849998598,6253.0,1231.0,1281.0,50.0,1249.375,1253.0,16.088483014699854,2.0,61.2
8.0,-76.0,-74.0,2.0,-74.5,-74.0,0.7559289460184544,5028.0,1241.0,1267.0,26.0,1258.8333333333333,1261.5,9.64192235327928,2.0,61.2
10.0,-76.0,-71.0,5.0,-74.1,-74.0,1.5238839267549946,5859.0,733.0,1359.0,626.0,1203.5,1231.5,198.76260067872786,2.0,61.2
10.0,-78.0,-74.0,4.0,-75.2,-75.0,1.3165611772087666,6142.0,1208.0,1268.0,60.0,1230.875,1224.0,24.227714354786812,2.0,61.2
8.0,-75.0,-73.0,2.0,-73.875,-74.0,0.8345229603962802,20782.0,1191.0,17059.0,15868.0,3865.8333333333335,1220.5,6463.461129044304,2.0,61.2
8.0,-74.0,-72.0,2.0,-73.375,-73.5,0.7440238091428449,11702.0,1204.0,8035.0,6831.0,3499.0,1256.5,3513.2560396304734,2.0,61.2
8.0,-74.0,-72.0,2.0,-73.25,-73.0,0.7071067811865476,99349.0,1234.0,48927.0,47693.0,18391.0,9762.5,20555.027822895303,2.0,61.2
8.0,-76.0,-73.0,3.0,-74.125,-74.0,1.1259916264596033,13091.0,1169.0,9556.0,8387.0,2571.8333333333335,1171.0,3421.5436526028225,2.0,61.2
8.0,-75.0,-72.0,3.0,-73.375,-73.0,1.0606601717798212,23832.0,1189.0,19980.0,18791.0,4389.166666666667,1314.0,7638.221400736342,2.0,61.2
10.0,-74.0,-72.0,2.0,-73.2,-73.0,0.7888106377466154,6244.0,1218.0,1265.0,47.0,1250.625,1251.0,14.72546385396011,2.0,61.2
8.0,-76.0,-71.0,5.0,-73.5,-73.5,1.4142135623730951,15218.0,1172.0,11573.0,10401.0,2947.1666666666665,1236.5,4226.176684269917,2.0,61.2
8.0,-79.0,-74.0,5.0,-76.25,-75.5,1.8322507626258087,5009.0,1179.0,1342.0,163.0,1249.6666666666667,1244.5,60.773897905816995,2.0,61.2
10.0,-75.0,-73.0,2.0,-74.2,-74.0,0.7888106377466154,6166.0,1186.0,1313.0,127.0,1241.25,1225.5,46.259361986829994,2.0,61.2
8.0,-74.0,-72.0,2.0,-73.125,-73.0,0.6408699444616557,5143.0,1258.0,1310.0,52.0,1292.3333333333333,1301.0,21.39781920352321,2.0,61.2
10.0,-76.0,-72.0,4.0,-74.0,-74.0,1.247219128924647,5659.0,721.0,1279.0,558.0,1112.25,1228.5,242.6224285946022,2.0,61.2
8.0,-76.0,-73.0,3.0,-74.875,-75.0,0.9910312089651149,5015.0,1234.0,1273.0,39.0,1255.8333333333333,1254.5,15.664184200483174,2.0,61.2
8.0,-78.0,-75.0,3.0,-76.625,-77.0,0.9161253813129043,5112.0,1242.0,1325.0,83.0,1271.6666666666667,1273.0,30.421483636842346,2.0,61.2
10.0,-77.0,-74.0,3.0,-75.6,-76.0,0.9660917830792958,6136.0,1147.0,1342.0,195.0,1244.875,1240.5,69.70435014094478,2.0,61.2
8.0,-77.0,-76.0,1.0,-76.5,-76.5,0.5345224838248488,5014.0,1199.0,1295.0,96.0,1246.3333333333333,1260.0,38.99572626156188,2.0,61.2
10.0,-77.0,-73.0,4.0,-74.8,-75.0,1.3165611772087666,6147.0,1192.0,1303.0,111.0,1238.25,1228.0,42.53989723944872,2.0,61.2
10.0,-76.0,-72.0,4.0,-74.8,-75.0,1.2292725943057181,6110.0,1195.0,1271.0,76.0,1226.375,1224.5,31.39580272220203,2.0,61.2
10.0,-77.0,-73.0,4.0,-75.4,-75.5,1.2649110640673518,5542.0,699.0,1227.0,528.0,1085.0,1213.0,238.73535856376915,2.0,61.2
5.0,-76.0,-74.0,2.0,-75.0,-75.0,0.7071067811865476,5060.0,1192.0,1359.0,167.0,1265.0,1254.5,70.54549359574052,1.0,61.2
5.0,-75.0,-74.0,1.0,-74.6,-75.0,0.5477225575051661,5038.0,1235.0,1303.0,68.0,1259.5,1250.0,30.127506811328857,1.0,61.2
6.0,-77.0,-73.0,4.0,-75.66666666666667,-76.0,1.3662601021279464,6234.0,1202.0,1296.0,94.0,1246.8,1241.0,38.297519501920746,1.0,61.2
5.0,-76.0,-73.0,3.0,-75.2,-76.0,1.3038404810405297,5107.0,1252.0,1300.0,48.0,1276.75,1277.5,22.11146007541489,1.0,61.2
5.0,-76.0,-74.0,2.0,-74.4,-74.0,0.8944271909999159,5074.0,1234.0,1288.0,54.0,1268.5,1276.0,23.909551787239064,1.0,61.2
6.0,-75.0,-73.0,2.0,-74.66666666666667,-75.0,0.816496580927726,6114.0,1198.0,1261.0,63.0,1222.8,1219.0,23.626256580338747,1.0,61.2
6.0,-76.0,-73.0,3.0,-75.0,-75.0,1.0954451150103321,6202.0,1225.0,1258.0,33.0,1240.4,1242.0,13.24009063413087,1.0,61.2
5.0,-77.0,-74.0,3.0,-75.6,-76.0,1.140175425099138,5407.0,1224.0,1685.0,461.0,1351.75,1249.0,222.55242828001974,1.0,61.2
6.0,-77.0,-74.0,3.0,-75.83333333333333,-76.5,1.4719601443879744,6175.0,1213.0,1287.0,74.0,1235.0,1223.0,30.389142798045487,1.0,61.2
5.0,-77.0,-73.0,4.0,-74.8,-75.0,1.7888543819998317,5058.0,1214.0,1361.0,147.0,1264.5,1241.5,66.54572362919599,1.0,61.2
5.0,-77.0,-71.0,6.0,-74.2,-74.0,2.3874672772626644,5392.0,1199.0,1626.0,427.0,1348.0,1283.5,189.88593067067046,1.0,61.2
6.0,-75.0,-73.0,2.0,-74.5,-75.0,0.8366600265340756,6193.0,1205.0,1264.0,59.0,1238.6,1232.0,24.69412885687608,1.0,61.2
6.0,-76.0,-73.0,3.0,-74.83333333333333,-75.0,1.1690451944500122,6251.0,1208.0,1295.0,87.0,1250.2,1258.0,35.891503172756636,1.0,61.2
6.0,-77.0,-75.0,2.0,-75.83333333333333,-76.0,0.752772652709081,6131.0,1163.0,1299.0,136.0,1226.2,1200.0,57.87659285065077,1.0,61.2
5.0,-77.0,-72.0,5.0,-74.8,-75.0,1.9235384061671343,5020.0,1233.0,1307.0,74.0,1255.0,1240.0,34.83293460696835,1.0,61.2
5.0,-75.0,-73.0,2.0,-74.0,-74.0,1.0,5041.0,1223.0,1282.0,59.0,1260.25,1268.0,25.708299567779015,1.0,61.2
5.0,-77.0,-74.0,3.0,-75.6,-76.0,1.140175425099138,5496.0,1208.0,1817.0,609.0,1374.0,1235.5,296.1384811198977,1.0,61.2
5.0,-76.0,-74.0,2.0,-75.4,-76.0,0.8944271909999159,5078.0,1210.0,1392.0,182.0,1269.5,1238.0,83.12841471683033,1.0,61.2
6.0,-77.0,-75.0,2.0,-75.66666666666667,-75.5,0.816496580927726,6139.0,1070.0,1330.0,260.0,1227.8,1260.0,97.16069164018955,1.0,61.2
6.0,-77.0,-74.0,3.0,-75.66666666666667,-76.0,1.0327955589886446,6214.0,1157.0,1314.0,157.0,1242.8,1235.0,59.81387798830636,1.0,61.2
6.0,-76.0,-75.0,1.0,-75.33333333333333,-75.0,0.5163977794943223,6161.0,1214.0,1267.0,53.0,1232.2,1225.0,21.556901447100415,1.0,61.2
5.0,-76.0,-74.0,2.0,-75.2,-75.0,0.8366600265340756,5076.0,1202.0,1329.0,127.0,1269.0,1272.5,64.389440128021,1.0,61.2
6.0,-78.0,-74.0,4.0,-75.5,-75.0,1.760681686165901,6193.0,1218.0,1260.0,42.0,1238.6,1232.0,17.714400921284355,1.0,61.2
5.0,-77.0,-74.0,3.0,-74.6,-74.0,1.3416407864998738,5110.0,1240.0,1330.0,90.0,1277.5,1270.0,39.0,1.0,61.2
5.0,-75.0,-74.0,1.0,-74.2,-74.0,0.4472135954999579,5106.0,1203.0,1363.0,160.0,1276.5,1270.0,67.74707865780388,1.0,61.2
5.0,-77.0,-76.0,1.0,-76.4,-76.0,0.5477225575051661,5135.0,1173.0,1373.0,200.0,1283.75,1294.5,85.37515251328496,1.0,76.5
6.0,-78.0,-75.0,3.0,-76.16666666666667,-76.0,1.1690451944500122,6193.0,1171.0,1281.0,110.0,1238.6,1243.0,44.30914126904289,1.0,76.5
6.0,-76.0,-75.0,1.0,-75.5,-75.5,0.5477225575051661,6199.0,1210.0,1266.0,56.0,1239.8,1231.0,24.752777621915484,1.0,76.5
6.0,-76.0,-74.0,2.0,-75.16666666666667,-75.5,0.9831920802501751,6245.0,1152.0,1346.0,194.0,1249.0,1259.0,72.93833011524188,1.0,76.5
5.0,-76.0,-75.0,1.0,-75.8,-76.0,0.4472135954999579,5573.0,1201.0,1815.0,614.0,1393.25,1278.5,283.68571224743295,1.0,76.5
5.0,-77.0,-75.0,2.0,-76.0,-76.0,0.7071067811865476,5190.0,1268.0,1317.0,49.0,1297.5,1302.5,20.85665361461421,1.0,76.5
6.0,-76.0,-75.0,1.0,-75.66666666666667,-76.0,0.5163977794943222,6221.0,1195.0,1280.0,85.0,1244.2,1268.0,39.124161332864375,1.0,76.5
6.0,-77.0,-74.0,3.0,-75.66666666666667,-76.0,1.0327955589886446,5672.0,753.0,1266.0,513.0,1134.4,1228.0,216.3268360606238,1.0,76.5
5.0,-77.0,-76.0,1.0,-76.4,-76.0,0.5477225575051661,5017.0,1252.0,1255.0,3.0,1254.25,1255.0,1.5,1.0,76.5
6.0,-77.0,-75.0,2.0,-76.16666666666667,-76.0,0.7527726527090811,6263.0,1206.0,1303.0,97.0,1252.6,1264.0,40.74064309752608,1.0,76.5
6.0,-77.0,-74.0,3.0,-75.83333333333333,-76.0,1.1690451944500122,6113.0,1121.0,1293.0,172.0,1222.6,1235.0,66.20271897739548,1.0,76.5
6.0,-76.0,-75.0,1.0,-75.5,-75.5,0.5477225575051661,6147.0,1201.0,1265.0,64.0,1229.4,1225.0,25.540164447395398,1.0,76.5
5.0,-77.0,-76.0,1.0,-76.4,-76.0,0.5477225575051661,5095.0,1233.0,1338.0,105.0,1273.75,1262.0,46.39234850705448,1.0,76.5
5.0,-77.0,-76.0,1.0,-76.4,-76.0,0.5477225575051661,5762.0,1297.0,1823.0,526.0,1440.5,1321.0,255.27175062404902,1.0,76.5
5.0,-78.0,-76.0,2.0,-76.6,-76.0,0.8944271909999159,5029.0,1228.0,1281.0,53.0,1257.25,1260.0,21.884164746836163,1.0,76.5
6.0,-77.0,-75.0,2.0,-76.16666666666667,-76.0,0.7527726527090811,6125.0,1182.0,1275.0,93.0,1225.0,1222.0,37.808729150819126,1.0,76.5
5.0,-77.0,-76.0,1.0,-76.6,-77.0,0.5477225575051661,5084.0,1223.0,1357.0,134.0,1271.0,1252.0,58.963265400303825,1.0,76.5
5.0,-78.0,-75.0,3.0,-76.6,-77.0,1.140175425099138,5053.0,1199.0,1331.0,132.0,1263.25,1261.5,65.95137097387236,1.0,76.5
5.0,-77.0,-75.0,2.0,-76.2,-76.0,0.8366600265340756,5193.0,1220.0,1351.0,131.0,1298.25,1311.0,56.192377893566075,1.0,76.5
5.0,-77.0,-75.0,2.0,-76.0,-76.0,0.7071067811865476,5149.0,1231.0,1344.0,113.0,1287.25,1287.0,47.73101716913227,1.0,76.5
6.0,-77.0,-75.0,2.0,-76.16666666666667,-76.5,0.9831920802501751,6028.0,1105.0,1271.0,166.0,1205.6,1211.0,64.44222218390672,1.0,76.5
9.0,-77.0,-76.0,1.0,-76.44444444444444,-76.0,0.5270462766947299,5037.0,1174.0,1295.0,121.0,1254.7142857142858,1276.0,55.39468772880148,2.0,76.5
10.0,-77.0,-75.0,2.0,-75.6,-75.5,0.6992058987801011,6160.0,1184.0,1314.0,130.0,1222.875,1218.5,41.32255523837522,2.0,76.5
8.0,-76.0,-74.0,2.0,-75.25,-75.0,0.7071067811865476,5395.0,1215.0,1715.0,500.0,1391.6666666666667,1238.5,250.6022080243242,2.0,76.5
10.0,-78.0,-75.0,3.0,-76.1,-76.0,0.9944289260117531,6164.0,1171.0,1299.0,128.0,1227.125,1219.0,56.0266199485311,2.0,76.5
8.0,-77.0,-75.0,2.0,-76.0,-76.0,0.5345224838248488,5190.0,1237.0,1372.0,135.0,1295.3333333333333,1291.0,46.102783719279536,2.0,76.5
10.0,-76.0,-75.0,1.0,-75.9,-76.0,0.31622776601683794,66839.0,1181.0,61873.0,60692.0,8816.125,1253.0,21438.257608020693,2.0,76.5
8.0,-77.0,-75.0,2.0,-76.25,-76.5,0.8864052604279183,5092.0,1218.0,1314.0,96.0,1270.6666666666667,1280.5,45.27987043562146,2.0,76.5
10.0,-78.0,-75.0,3.0,-76.6,-76.5,0.9660917830792958,6160.0,1210.0,1243.0,33.0,1231.375,1238.5,14.121285858083684,2.0,76.5
8.0,-76.0,-75.0,1.0,-75.625,-76.0,0.5175491695067657,5050.0,1228.0,1291.0,63.0,1263.8333333333333,1266.5,22.103544210525758,2.0,76.5
8.0,-76.0,-74.0,2.0,-74.875,-75.0,0.6408699444616557,5620.0,1186.0,1869.0,683.0,1452.3333333333333,1282.5,326.8441014714304,2.0,76.5
10.0,-77.0,-75.0,2.0,-76.1,-76.0,0.7378647873726218,6167.0,1215.0,1275.0,60.0,1238.0,1230.0,24.254601919753586,2.0,76.5
8.0,-76.0,-74.0,2.0,-75.625,-76.0,0.7440238091428449,5017.0,1223.0,1343.0,120.0,1264.8333333333333,1228.5,60.204374148949235,2.0,76.5
8.0,-78.0,-76.0,2.0,-76.75,-77.0,0.7071067811865476,5129.0,1222.0,1338.0,116.0,1283.3333333333333,1285.0,36.78405451641603,2.0,76.5
10.0,-78.0,-75.0,3.0,-76.7,-77.0,0.9486832980505137,5824.0,792.0,1295.0,503.0,1145.625,1248.0,218.97745317726208,2.0,76.5
10.0,-76.0,-75.0,1.0,-75.8,-76.0,0.4216370213557839,6194.0,1160.0,1318.0,158.0,1224.125,1219.0,53.45074501685774,2.0,76.5
8.0,-77.0,-74.0,3.0,-75.25,-75.0,1.0350983390135313,5001.0,1197.0,1288.0,91.0,1239.1666666666667,1235.5,38.65445209373257,2.0,76.5
8.0,-76.0,-75.0,1.0,-75.25,-75.0,0.4629100498862757,5594.0,1203.0,1740.0,537.0,1347.6666666666667,1288.0,201.41962830535326,2.0,76.5
10.0,-77.0,-75.0,2.0,-76.3,-76.0,0.6749485577105528,6324.0,1211.0,1360.0,149.0,1256.25,1227.0,57.39026796542126,2.0,76.5
10.0,-77.0,-74.0,3.0,-75.3,-75.0,0.9486832980505138,6222.0,1179.0,1291.0,112.0,1241.875,1242.5,45.4043342802047,2.0,76.5
9.0,-75.0,-73.0,2.0,-74.22222222222223,-74.0,0.8333333333333334,5020.0,1201.0,1309.0,108.0,1262.5714285714287,1307.0,56.97911062502685,2.0,91.8
10.0,-75.0,-72.0,3.0,-73.7,-74.0,0.9486832980505137,6044.0,1141.0,1307.0,166.0,1205.125,1173.5,56.79898766703505,2.0,91.8
8.0,-75.0,-73.0,2.0,-74.125,-74.0,0.8345229603962802,5162.0,1260.0,1350.0,90.0,1283.0,1274.5,33.68085509603342,2.0,91.8
8.0,-74.0,-72.0,2.0,-73.125,-73.0,0.6408699444616557,5130.0,1248.0,1322.0,74.0,1283.3333333333333,1280.0,34.27924542148888,2.0,91.8
8.0,-75.0,-73.0,2.0,-73.375,-73.0,0.7440238091428449,5162.0,1268.0,1307.0,39.0,1291.6666666666667,1293.5,13.75015151431673,2.0,91.8
8.0,-75.0,-73.0,2.0,-74.0,-74.0,0.5345224838248488,5050.0,1200.0,1361.0,161.0,1256.8333333333333,1245.0,54.337525400653526,2.0,91.8
8.0,-75.0,-73.0,2.0,-73.625,-73.0,0.9161253813129043,5093.0,1241.0,1312.0,71.0,1269.1666666666667,1270.5,27.1544962513884,2.0,91.8
8.0,-74.0,-73.0,1.0,-73.375,-73.0,0.5175491695067657,5568.0,1241.0,1803.0,562.0,1345.8333333333333,1261.5,224.22971851801148,2.0,91.8
10.0,-75.0,-73.0,2.0,-74.2,-74.0,0.6324555320336759,6327.0,1217.0,1340.0,123.0,1258.875,1236.5,46.304697385902436,2.0,91.8
8.0,-74.0,-73.0,1.0,-73.5,-73.5,0.5345224838248488,5088.0,1233.0,1328.0,95.0,1266.5,1264.0,35.51196981300812,2.0,91.8
10.0,-75.0,-73.0,2.0,-74.1,-74.0,0.7378647873726218,5848.0,803.0,1292.0,489.0,1144.625,1240.0,211.9682843527035,2.0,91.8
10.0,-75.0,-74.0,1.0,-74.2,-74.0,0.4216370213557839,6286.0,1208.0,1338.0,130.0,1249.875,1227.5,47.39631540832804,2.0,91.8
8.0,-75.0,-73.0,2.0,-73.75,-74.0,0.7071067811865476,5185.0,1236.0,1366.0,130.0,1303.0,1292.5,55.670458952661775,2.0,91.8
10.0,-75.0,-73.0,2.0,-73.9,-74.0,0.7378647873726218,6187.0,1213.0,1263.0,50.0,1233.0,1231.0,17.204650534085253,2.0,91.8
10.0,-74.0,-73.0,1.0,-73.2,-73.0,0.4216370213557839,6225.0,1100.0,1313.0,213.0,1254.625,1284.5,67.18617523610898,2.0,91.8
8.0,-74.0,-73.0,1.0,-73.5,-73.5,0.5345224838248488,5098.0,1220.0,1320.0,100.0,1270.0,1278.5,43.20648099533217,2.0,91.8
10.0,-74.0,-73.0,1.0,-73.4,-73.0,0.5163977794943222,6128.0,1179.0,1319.0,140.0,1217.375,1215.5,44.11328759973737,2.0,91.8
8.0,-75.0,-74.0,1.0,-74.5,-74.5,0.5345224838248488,5631.0,1274.0,1701.0,427.0,1437.1666666666667,1329.0,206.5230414909355,2.0,91.8
8.0,-75.0,-75.0,0.0,-75.0,-75.0,0.0,5179.0,1252.0,1335.0,83.0,1298.1666666666667,1299.5,33.25908397215213,2.0,91.8
10.0,-75.0,-73.0,2.0,-74.3,-74.5,0.8232726023485645,6167.0,1190.0,1265.0,75.0,1232.625,1238.0,30.350041186133502,2.0,91.8
8.0,-76.0,-73.0,3.0,-74.125,-74.0,1.1259916264596033,5186.0,1205.0,1444.0,239.0,1284.5,1268.5,93.1337747543822,2.0,91.8
10.0,-77.0,-74.0,3.0,-75.4,-75.5,1.1737877907772671,5713.0,670.0,1316.0,646.0,1109.5,1213.5,275.474655302962,2.0,91.8
10.0,-74.0,-73.0,1.0,-73.5,-73.5,0.5270462766947299,6238.0,1184.0,1300.0,116.0,1241.5,1246.5,39.62683073733899,2.0,91.8
10.0,-76.0,-73.0,3.0,-74.1,-74.0,0.9944289260117533,6268.0,1216.0,1295.0,79.0,1253.625,1248.0,30.82641492523672,2.0,91.8
8.0,-75.0,-74.0,1.0,-74.25,-74.0,0.4629100498862757,5541.0,1224.0,1677.0,453.0,1418.5,1320.5,204.11246899687438,2.0,91.8
5.0,-76.0,-75.0,1.0,-75.4,-75.0,0.5477225575051661,5025.0,1196.0,1315.0,119.0,1256.25,1257.0,55.56002759778532,1.0,91.8
5.0,-77.0,-74.0,3.0,-75.4,-75.0,1.140175425099138,5034.0,1223.0,1305.0,82.0,1258.5,1253.0,35.03807452852777,1.0,91.8
5.0,-75.0,-74.0,1.0,-74.8,-75.0,0.4472135954999579,5004.0,1238.0,1270.0,32.0,1251.0,1248.0,14.11854572303158,1.0,91.8
5.0,-76.0,-74.0,2.0,-75.0,-75.0,1.0,5636.0,1229.0,1841.0,612.0,1409.0,1283.0,289.78612803238184,1.0,91.8
6.0,-75.0,-75.0,0.0,-75.0,-75.0,0.0,6302.0,1217.0,1370.0,153.0,1260.4,1236.0,63.49251924439603,1.0,91.8
5.0,-75.0,-74.0,1.0,-74.6,-75.0,0.5477225575051661,5023.0,1228.0,1312.0,84.0,1255.75,1241.5,38.09090005062452,1.0,91.8
6.0,-76.0,-74.0,2.0,-75.0,-75.0,0.6324555320336759,5719.0,706.0,1302.0,596.0,1143.8,1232.0,249.04658198818953,1.0,91.8
6.0,-76.0,-74.0,2.0,-75.16666666666667,-75.0,0.7527726527090811,6095.0,1172.0,1260.0,88.0,1219.0,1210.0,34.79942528261063,1.0,91.8
6.0,-76.0,-74.0,2.0,-75.33333333333333,-75.5,0.816496580927726,6160.0,1199.0,1278.0,79.0,1232.0,1230.0,30.87879531328902,1.0,91.8
5.0,-77.0,-76.0,1.0,-76.6,-77.0,0.5477225575051661,5086.0,1217.0,1331.0,114.0,1271.5,1269.0,58.36951259004995,1.0,91.8
5.0,-76.0,-74.0,2.0,-74.8,-75.0,0.8366600265340756,5096.0,1232.0,1319.0,87.0,1274.0,1272.5,38.02630668366309,1.0,91.8
6.0,-76.0,-73.0,3.0,-74.33333333333333,-74.5,1.2110601416389968,6144.0,1178.0,1292.0,114.0,1228.8,1207.0,48.66929216662186,1.0,91.8
5.0,-74.0,-73.0,1.0,-73.6,-74.0,0.5477225575051661,5091.0,1225.0,1345.0,120.0,1272.75,1260.5,52.95516971930125,1.0,91.8
6.0,-75.0,-73.0,2.0,-73.66666666666667,-73.0,1.0327955589886446,6203.0,1222.0,1278.0,56.0,1240.6,1238.0,22.333830840229805,1.0,91.8
6.0,-75.0,-74.0,1.0,-74.66666666666667,-75.0,0.5163977794943223,5520.0,665.0,1269.0,604.0,1104.0,1209.0,248.08063205337092,1.0,91.8
6.0,-76.0,-75.0,1.0,-75.33333333333333,-75.0,0.5163977794943223,6254.0,1196.0,1353.0,157.0,1250.8,1250.0,64.02109027500235,1.0,91.8
6.0,-75.0,-74.0,1.0,-74.66666666666667,-75.0,0.5163977794943223,6232.0,1172.0,1335.0,163.0,1246.4,1242.0,59.44997897392395,1.0,91.8
5.0,-76.0,-75.0,1.0,-75.4,-75.0,0.5477225575051661,5095.0,1212.0,1408.0,196.0,1273.75,1237.5,92.31964399122576,1.0,91.8
6.0,-75.0,-74.0,1.0,-74.33333333333333,-74.0,0.5163977794943223,6101.0,1158.0,1257.0,99.0,1220.2,1227.0,39.632057731084316,1.0,91.8
6.0,-75.0,-73.0,2.0,-73.66666666666667,-73.5,0.816496580927726,6100.0,1080.0,1299.0,219.0,1220.0,1289.0,104.20412659775043,1.0,91.8
5.0,-75.0,-73.0,2.0,-74.4,-75.0,0.8944271909999159,5673.0,1234.0,1928.0,694.0,1418.25,1255.5,340.2845622906413,1.0,91.8
5.0,-75.0,-73.0,2.0,-74.2,-74.0,0.8366600265340756,5063.0,1228.0,1309.0,81.0,1265.75,1263.0,34.02327634625057,1.0,91.8
5.0,-75.0,-74.0,1.0,-74.4,-74.0,0.5477225575051661,5033.0,1238.0,1292.0,54.0,1258.25,1251.5,23.97741993348464,1.0,91.8
6.0,-75.0,-74.0,1.0,-74.33333333333333,-74.0,0.5163977794943222,5964.0,729.0,1423.0,694.0,1192.8,1287.0,268.76420892670956,1.0,91.8
5.0,-75.0,-73.0,2.0,-74.2,-74.0,0.8366600265340756,5034.0,1215.0,1287.0,72.0,1258.5,1266.0,32.42941051987635,1.0,91.8
5.0,-76.0,-74.0,2.0,-75.0,-75.0,1.0,5070.0,1237.0,1317.0,80.0,1267.5,1258.0,34.69389955981695,1.0,91.8
6.0,-74.0,-73.0,1.0,-73.5,-73.5,0.5477225575051661,6135.0,786.0,1416.0,630.0,1227.0,1329.0,251.82136525719974,1.0,91.8
5.0,-75.0,-73.0,2.0,-74.0,-74.0,0.7071067811865476,5047.0,1220.0,1369.0,149.0,1261.75,1229.0,71.79310551856634,1.0,91.8
5.0,-74.0,-73.0,1.0,-73.8,-74.0,0.4472135954999579,5061.0,1241.0,1294.0,53.0,1265.25,1263.0,22.336442569636436,1.0,91.8
6.0,-75.0,-73.0,2.0,-74.5,-75.0,0.8366600265340756,5994.0,904.0,1324.0,420.0,1198.8,1248.0,167.90086360707022,1.0,91.8
6.0,-75.0,-72.0,3.0,-73.66666666666667,-73.5,1.2110601416389968,6265.0,1229.0,1277.0,48.0,1253.0,1251.0,22.124646889837585,1.0,91.8
5.0,-83.0,-76.0,7.0,-79.2,-80.0,3.1144823004794877,5367.0,1191.0,1698.0,507.0,1341.75,1239.0,241.51380222808524,1.0,107.1
6.0,-81.0,-77.0,4.0,-79.5,-80.0,1.6431676725154984,6151.0,1147.0,1365.0,218.0,1230.2,1228.0,87.52542487757486,1.0,107.1
6.0,-84.0,-79.0,5.0,-81.16666666666667,-81.0,2.0412414523193148,6214.0,1184.0,1327.0,143.0,1242.8,1247.0,57.69488712182389,1.0,107.1
5.0,-82.0,-79.0,3.0,-80.4,-80.0,1.140175425099138,5002.0,1200.0,1326.0,126.0,1250.5,1238.0,57.48912940721924,1.0,107.1
5.0,-82.0,-78.0,4.0,-80.2,-80.0,1.4832396974191326,5100.0,1218.0,1350.0,132.0,1275.0,1266.0,55.09990925582364,1.0,107.1
6.0,-81.0,-78.0,3.0,-79.66666666666667,-79.5,1.2110601416389968,6246.0,1135.0,1338.0,203.0,1249.2,1256.0,72.90198899892924,1.0,107.1
5.0,-81.0,-78.0,3.0,-79.4,-79.0,1.140175425099138,5429.0,1123.0,1727.0,604.0,1357.25,1289.5,262.2217572971396,1.0,107.1
6.0,-79.0,-76.0,3.0,-77.66666666666667,-77.5,1.2110601416389968,6218.0,1188.0,1281.0,93.0,1243.6,1247.0,34.99714274051526,1.0,107.1
6.0,-78.0,-77.0,1.0,-77.33333333333333,-77.0,0.5163977794943222,6252.0,1223.0,1285.0,62.0,1250.4,1236.0,31.548375552474962,1.0,107.1
6.0,-78.0,-77.0,1.0,-77.66666666666667,-78.0,0.5163977794943223,5812.0,818.0,1296.0,478.0,1162.4,1240.0,195.3222977542503,1.0,107.1
6.0,-79.0,-76.0,3.0,-77.83333333333333,-78.0,1.1690451944500122,6153.0,1193.0,1299.0,106.0,1230.6,1218.0,42.359178462288426,1.0,107.1
6.0,-80.0,-78.0,2.0,-78.66666666666667,-78.5,0.816496580927726,6208.0,1218.0,1267.0,49.0,1241.6,1232.0,23.265854809140368,1.0,107.1
6.0,-81.0,-77.0,4.0,-79.66666666666667,-80.0,1.505545305418162,6263.0,1181.0,1292.0,111.0,1252.6,1273.0,47.500526312873625,1.0,107.1
5.0,-81.0,-80.0,1.0,-80.6,-81.0,0.5477225575051661,5010.0,1168.0,1318.0,150.0,1252.5,1262.0,64.98461356351979,1.0,107.1
5.0,-82.0,-78.0,4.0,-79.4,-79.0,1.6733200530681511,5508.0,1233.0,1747.0,514.0,1377.0,1264.0,247.69335881286764,1.0,107.1
5.0,-81.0,-78.0,3.0,-79.4,-79.0,1.51657508881031,5024.0,1235.0,1277.0,42.0,1256.0,1256.0,17.320508075688775,1.0,107.1
5.0,-82.0,-78.0,4.0,-79.6,-80.0,1.6733200530681511,5036.0,1208.0,1281.0,73.0,1259.0,1273.5,34.59287017098562,1.0,107.1
5.0,-79.0,-77.0,2.0,-78.0,-78.0,0.7071067811865476,5021.0,1177.0,1304.0,127.0,1255.25,1270.0,54.87182033308779,1.0,107.1
6.0,-78.0,-76.0,2.0,-77.33333333333333,-77.5,0.816496580927726,6215.0,1206.0,1291.0,85.0,1243.0,1245.0,34.5470693402494,1.0,107.1
5.0,-84.0,-77.0,7.0,-80.4,-80.0,2.701851217221259,5053.0,1210.0,1344.0,134.0,1263.25,1249.5,57.209410647782995,1.0,107.1
6.0,-84.0,-78.0,6.0,-80.83333333333333,-81.0,2.2286019533929036,6586.0,1194.0,1704.0,510.0,1317.2,1237.0,217.6274339323974,1.0,107.1
5.0,-81.0,-76.0,5.0,-79.4,-80.0,1.9493588689617924,5229.0,1228.0,1419.0,191.0,1307.25,1291.0,92.31964399122576,1.0,107.1
5.0,-80.0,-77.0,3.0,-79.0,-79.0,1.224744871391589,5081.0,1209.0,1384.0,175.0,1270.25,1244.0,80.67785735049405,1.0,107.1
5.0,-85.0,-79.0,6.0,-82.4,-83.0,2.1908902300206643,5095.0,1212.0,1325.0,113.0,1273.75,1279.0,48.79463768352693,1.0,107.1
5.0,-82.0,-81.0,1.0,-81.4,-81.0,0.5477225575051661,5120.0,1256.0,1312.0,56.0,1280.0,1276.0,24.013884872437167,1.0,107.1
6.0,-83.0,-81.0,2.0,-82.33333333333333,-82.5,0.816496580927726,6211.0,1211.0,1277.0,66.0,1242.2,1241.0,25.13364279208249,1.0,107.1
5.0,-83.0,-82.0,1.0,-82.6,-83.0,0.5477225575051661,5598.0,1217.0,1864.0,647.0,1399.5,1258.5,310.5419993065887,1.0,107.1
6.0,-82.0,-80.0,2.0,-81.5,-82.0,0.8366600265340756,6287.0,1229.0,1292.0,63.0,1257.4,1249.0,29.50084744545485,1.0,107.1
6.0,-82.0,-80.0,2.0,-81.5,-82.0,0.8366600265340756,6189.0,1220.0,1263.0,43.0,1237.8,1239.0,17.398275776639476,1.0,107.1
6.0,-83.0,-80.0,3.0,-81.5,-81.5,1.0488088481701516,5893.0,718.0,1366.0,648.0,1178.6,1249.0,265.2843757178323,1.0,107.1
9.0,-86.0,-79.0,7.0,-81.66666666666667,-81.0,2.5980762113533156,5033.0,1217.0,1304.0,87.0,1251.857142857143,1251.0,29.33955561711056,2.0,107.1
8.0,-83.0,-79.0,4.0,-80.75,-81.0,1.6690459207925603,5022.0,1194.0,1346.0,152.0,1250.8333333333333,1241.5,53.02986579906333,2.0,107.1
10.0,-84.0,-81.0,3.0,-82.6,-82.5,1.1737877907772671,5820.0,784.0,1288.0,504.0,1141.875,1242.0,221.4365033141555,2.0,107.1
8.0,-83.0,-81.0,2.0,-82.125,-82.0,0.6408699444616557,5215.0,1265.0,1379.0,114.0,1297.8333333333333,1285.5,44.29635048925212,2.0,107.1
8.0,-84.0,-81.0,3.0,-82.25,-82.0,1.0350983390135313,5001.0,1213.0,1291.0,78.0,1246.3333333333333,1248.5,31.174776128573345,2.0,107.1
8.0,-83.0,-79.0,4.0,-81.625,-82.0,1.1877349391654208,5088.0,1213.0,1397.0,184.0,1258.3333333333333,1239.0,69.61513245456527,2.0,107.1
10.0,-83.0,-79.0,4.0,-81.2,-81.0,1.1352924243950933,5725.0,700.0,1296.0,596.0,1113.0,1238.0,255.66663562426086,2.0,107.1
8.0,-82.0,-80.0,2.0,-81.5,-82.0,0.7559289460184544,5043.0,1210.0,1352.0,142.0,1245.5,1219.5,55.65518843737752,2.0,107.1
8.0,-84.0,-81.0,3.0,-82.125,-82.0,1.1259916264596033,5165.0,1258.0,1315.0,57.0,1289.8333333333333,1296.5,25.73259929868467,2.0,107.1
8.0,-82.0,-80.0,2.0,-81.25,-81.0,0.7071067811865476,5056.0,1223.0,1345.0,122.0,1257.6666666666667,1244.5,44.5495978283381,2.0,107.1
10.0,-83.0,-80.0,3.0,-81.5,-81.5,1.0801234497346435,6044.0,1077.0,1278.0,201.0,1198.0,1223.0,77.03987835623091,2.0,107.1
8.0,-83.0,-81.0,2.0,-82.125,-82.5,0.9910312089651149,5316.0,1235.0,1410.0,175.0,1331.1666666666667,1335.5,62.467324791979586,2.0,107.1
8.0,-83.0,-82.0,1.0,-82.75,-83.0,0.4629100498862757,5233.0,1202.0,1396.0,194.0,1311.6666666666667,1317.5,62.90521970923134,2.0,107.1
10.0,-84.0,-81.0,3.0,-82.4,-82.5,0.9660917830792958,6815.0,1216.0,1875.0,659.0,1314.25,1240.5,226.86292274033173,2.0,107.1
10.0,-82.0,-81.0,1.0,-81.7,-82.0,0.48304589153964794,6162.0,1181.0,1269.0,88.0,1240.0,1244.5,30.246605476600887,2.0,107.1
8.0,-83.0,-81.0,2.0,-81.875,-82.0,0.6408699444616557,5047.0,1191.0,1322.0,131.0,1260.0,1267.5,59.18107805709524,2.0,107.1
8.0,-83.0,-81.0,2.0,-81.875,-82.0,0.6408699444616557,5027.0,1185.0,1284.0,99.0,1249.0,1278.0,48.47267271360225,2.0,107.1
10.0,-82.0,-81.0,1.0,-81.5,-81.5,0.5270462766947299,5841.0,712.0,1336.0,624.0,1134.25,1253.0,261.2321080681207,2.0,107.1
8.0,-83.0,-81.0,2.0,-81.75,-82.0,0.7071067811865476,5022.0,1219.0,1294.0,75.0,1257.8333333333333,1257.5,36.950868280280865,2.0,107.1
10.0,-85.0,-80.0,5.0,-82.0,-82.0,1.3333333333333333,6099.0,1201.0,1251.0,50.0,1223.625,1220.5,20.914366217643657,2.0,107.1
8.0,-82.0,-79.0,3.0,-81.0,-81.0,1.0690449676496976,5141.0,1252.0,1333.0,81.0,1283.1666666666667,1278.5,33.914107192533706,2.0,107.1
8.0,-83.0,-80.0,3.0,-81.625,-82.0,0.9161253813129043,5518.0,1193.0,1777.0,584.0,1332.8333333333333,1273.0,221.51786985854363,2.0,107.1
10.0,-83.0,-78.0,5.0,-80.1,-80.0,1.3703203194062974,6252.0,1201.0,1277.0,76.0,1246.625,1254.0,30.65912821423895,2.0,107.1
8.0,-83.0,-79.0,4.0,-81.0,-81.0,1.4142135623730951,5200.0,1246.0,1350.0,104.0,1301.0,1302.5,51.34199061197374,2.0,107.1
10.0,-82.0,-80.0,2.0,-81.2,-81.0,0.7888106377466154,5937.0,774.0,1377.0,603.0,1158.5,1237.0,242.2236274897346,2.0,107.1
8.0,-83.0,-81.0,2.0,-81.75,-82.0,0.7071067811865476,5101.0,1238.0,1301.0,63.0,1282.0,1290.0,24.0249869927124,2.0,107.1
10.0,-84.0,-81.0,3.0,-82.0,-82.0,0.816496580927726,6196.0,1217.0,1282.0,65.0,1236.5,1233.0,21.44094880629786,2.0,107.1
10.0,-84.0,-81.0,3.0,-82.0,-82.0,0.9428090415820634,6188.0,1206.0,1291.0,85.0,1232.75,1224.0,27.47856307326547,2.0,107.1
8.0,-82.0,-81.0,1.0,-81.5,-81.5,0.5345224838248488,5569.0,1209.0,1735.0,526.0,1351.6666666666667,1312.5,195.85266571243466,2.0,107.1
8.0,-82.0,-81.0,1.0,-81.625,-82.0,0.5175491695067657,5097.0,1190.0,1381.0,191.0,1270.8333333333333,1263.5,62.81215381330803,2.0,107.1
8.0,-83.0,-80.0,3.0,-81.375,-81.5,1.0606601717798212,5000.0,1222.0,1273.0,51.0,1248.5,1252.5,24.238399287081645,2.0,107.1
8.0,-84.0,-77.0,7.0,-80.5,-80.0,2.390457218668787,5140.0,1231.0,1327.0,96.0,1287.5,1291.5,35.73653592613587,2.0,107.1
10.0,-82.0,-79.0,3.0,-80.1,-80.0,0.9944289260117533,5730.0,785.0,1269.0,484.0,1176.25,1238.0,162.83887742182455,2.0,107.1
8.0,-84.0,-79.0,5.0,-81.125,-81.0,1.5526475085202969,5242.0,1255.0,1415.0,160.0,1302.6666666666667,1286.5,59.50014005585757,2.0,107.1
8.0,-83.0,-78.0,5.0,-79.5,-79.0,1.6035674514745464,5174.0,1237.0,1413.0,176.0,1276.5,1247.5,68.34837232882727,2.0,107.1
10.0,-80.0,-77.0,3.0,-78.3,-78.5,1.2516655570345725,5593.0,695.0,1294.0,599.0,1094.75,1183.0,250.9289882473867,2.0,107.1
10.0,-82.0,-78.0,4.0,-80.0,-80.0,1.3333333333333333,6064.0,1178.0,1260.0,82.0,1208.375,1204.0,26.09289722729704,2.0,107.1
8.0,-83.0,-79.0,4.0,-81.125,-81.5,1.3562026818605375,5004.0,1247.0,1253.0,6.0,1250.6666666666667,1252.0,2.943920288775949,2.0,107.1
8.0,-80.0,-78.0,2.0,-79.25,-79.0,0.7071067811865476,5036.0,1230.0,1288.0,58.0,1261.0,1259.5,26.21449980449751,2.0,107.1
8.0,-87.0,-78.0,9.0,-81.125,-79.0,3.720119045714225,5151.0,1230.0,1383.0,153.0,1296.8333333333333,1270.0,69.08955540938635,2.0,107.1
9.0,-82.0,-78.0,4.0,-79.55555555555556,-79.0,1.3333333333333335,5011.0,1182.0,1327.0,145.0,1239.7142857142858,1245.0,49.351508878365905,2.0,107.1
9.0,-85.0,-76.0,9.0,-79.0,-78.0,3.0,5256.0,1239.0,1403.0,164.0,1319.142857142857,1333.0,68.95270981242282,2.0,107.1
8.0,-85.0,-76.0,9.0,-78.125,-77.5,2.9001231500945415,5078.0,1214.0,1322.0,108.0,1258.1666666666667,1257.0,41.710510266198696,2.0,107.1
8.0,-80.0,-75.0,5.0,-78.25,-78.5,1.9086270308410553,5582.0,1223.0,1760.0,537.0,1352.8333333333333,1299.5,203.42017271319645,2.0,107.1
8.0,-81.0,-75.0,6.0,-79.5,-81.0,2.5071326821120348,5115.0,1221.0,1328.0,107.0,1264.5,1249.5,46.770717334674266,2.0,107.1
8.0,-82.0,-79.0,3.0,-80.125,-80.0,1.1259916264596033,5145.0,1220.0,1360.0,140.0,1285.5,1283.5,48.484017985311404,2.0,107.1
8.0,-82.0,-77.0,5.0,-79.125,-78.0,1.8850918886280925,5181.0,1267.0,1315.0,48.0,1294.0,1300.5,22.217110523198105,2.0,107.1
10.0,-79.0,-77.0,2.0,-77.6,-77.5,0.6992058987801011,5788.0,756.0,1305.0,549.0,1189.5,1237.5,177.60067567439037,2.0,107.1
8.0,-82.0,-77.0,5.0,-78.875,-78.0,1.6420805617960927,5164.0,1266.0,1329.0,63.0,1293.8333333333333,1285.0,29.50536674347002,2.0,107.1
11.0,-44.0,-40.0,4.0,-41.72727272727273,-41.0,1.4893561757289013,6216.0,844.0,1426.0,582.0,1222.888888888889,1314.0,217.87923515358483,2.0,1.0
8.0,-44.0,-32.0,12.0,-36.5,-33.0,5.477225575051661,5665.0,1395.0,1440.0,45.0,1416.3333333333333,1416.5,21.030137105275056,2.0,1.0
8.0,-33.0,-33.0,0.0,-33.0,-33.0,0.0,5545.0,1323.0,1427.0,104.0,1382.5,1396.5,50.206573274821295,2.0,1.0
8.0,-35.0,-33.0,2.0,-33.75,-33.0,1.0350983390135313,6102.0,1351.0,1981.0,630.0,1572.5,1385.0,317.2038776559959,2.0,1.0
8.0,-35.0,-32.0,3.0,-33.375,-33.0,0.9161253813129043,5485.0,1319.0,1474.0,155.0,1360.8333333333333,1346.0,58.314377872585304,2.0,1.0
8.0,-33.0,-32.0,1.0,-32.5,-32.5,0.5345224838248488,5092.0,1211.0,1386.0,175.0,1262.3333333333333,1247.5,65.58251799577893,2.0,1.0
8.0,-33.0,-32.0,1.0,-32.125,-32.0,0.3535533905932738,5527.0,1324.0,1425.0,101.0,1386.0,1390.0,40.99268227379126,2.0,1.0
8.0,-33.0,-32.0,1.0,-32.875,-33.0,0.3535533905932738,5089.0,1173.0,1378.0,205.0,1269.5,1269.0,102.46901970839771,2.0,1.0
8.0,-33.0,-32.0,1.0,-32.5,-32.5,0.5345224838248488,5217.0,1240.0,1413.0,173.0,1295.5,1282.0,67.11706191424055,2.0,1.0
8.0,-33.0,-33.0,0.0,-33.0,-33.0,0.0,5303.0,1234.0,1388.0,154.0,1340.0,1348.5,56.26011020252271,2.0,1.0
8.0,-34.0,-33.0,1.0,-33.625,-34.0,0.5175491695067657,5377.0,1323.0,1368.0,45.0,1345.0,1343.0,19.748417658131498,2.0,1.0
8.0,-34.0,-34.0,0.0,-34.0,-34.0,0.0,5895.0,1285.0,1926.0,641.0,1418.0,1327.0,250.38450431286677,2.0,1.0
8.0,-34.0,-33.0,1.0,-33.875,-34.0,0.3535533905932738,5348.0,1330.0,1346.0,16.0,1339.6666666666667,1343.0,7.201851613763412,2.0,1.0
8.0,-43.0,-33.0,10.0,-34.625,-33.5,3.420004177106889,5629.0,1364.0,1460.0,96.0,1399.5,1402.5,35.04711115056418,2.0,1.0
10.0,-34.0,-32.0,2.0,-32.9,-33.0,0.5676462121975466,6344.0,894.0,1456.0,562.0,1237.625,1329.5,216.41952479914033,2.0,1.0
8.0,-35.0,-33.0,2.0,-33.5,-33.0,0.7559289460184544,5334.0,1305.0,1368.0,63.0,1340.3333333333333,1340.0,24.744022847279034,2.0,1.0
8.0,-37.0,-35.0,2.0,-36.25,-36.0,0.7071067811865476,5515.0,1358.0,1403.0,45.0,1383.1666666666667,1381.5,17.26750319723922,2.0,1.0
8.0,-37.0,-34.0,3.0,-35.125,-34.0,1.5526475085202969,5369.0,1323.0,1366.0,43.0,1344.6666666666667,1340.5,18.00740588387641,2.0,1.0
10.0,-35.0,-34.0,1.0,-34.5,-34.5,0.5270462766947299,5931.0,724.0,1464.0,740.0,1143.5,1246.5,269.51543820080406,2.0,1.0
10.0,-35.0,-34.0,1.0,-34.6,-35.0,0.5163977794943222,6125.0,1186.0,1248.0,62.0,1227.875,1233.0,20.931435688934478,2.0,1.0
10.0,-36.0,-35.0,1.0,-35.1,-35.0,0.31622776601683794,6085.0,1163.0,1311.0,148.0,1226.625,1214.5,56.6163467055736,2.0,1.0
10.0,-37.0,-35.0,2.0,-35.7,-36.0,0.6749485577105528,6073.0,1125.0,1279.0,154.0,1217.5,1248.0,66.42503830850016,2.0,1.0
8.0,-37.0,-36.0,1.0,-36.75,-37.0,0.4629100498862757,5069.0,1219.0,1342.0,123.0,1263.1666666666667,1254.5,41.15053665101667,2.0,1.0
8.0,-37.0,-37.0,0.0,-37.0,-37.0,0.0,5538.0,1356.0,1422.0,66.0,1385.1666666666667,1381.0,21.57235885726609,2.0,1.0
7.0,-37.0,-35.0,2.0,-36.42857142857143,-37.0,0.9759000729485332,5467.0,1296.0,2798.0,1502.0,1642.6,1373.0,646.7486374164232,2.0,1.0
10.0,-36.0,-34.0,2.0,-35.0,-35.0,0.816496580927726,6190.0,761.0,1446.0,685.0,1222.5,1374.5,291.7626236710737,2.0,1.0
8.0,-35.0,-35.0,0.0,-35.0,-35.0,0.0,5511.0,1336.0,1425.0,89.0,1387.5,1389.5,34.93279261668039,2.0,1.0
8.0,-37.0,-35.0,2.0,-36.375,-36.5,0.7440238091428449,5188.0,1167.0,1381.0,214.0,1289.5,1320.5,99.65691145123854,2.0,1.0
8.0,-37.0,-35.0,2.0,-35.375,-35.0,0.7440238091428449,5323.0,1170.0,1773.0,603.0,1284.0,1190.0,239.6973091213166,2.0,1.0
10.0,-35.0,-35.0,0.0,-35.0,-35.0,0.0,6292.0,1226.0,1317.0,91.0,1254.25,1242.0,31.770381534648635,2.0,1.0
8.0,-36.0,-35.0,1.0,-35.125,-35.0,0.3535533905932738,5557.0,1335.0,1462.0,127.0,1398.3333333333333,1380.5,52.492539152404,2.0,1.0
8.0,-35.0,-35.0,0.0,-35.0,-35.0,0.0,5453.0,1258.0,1494.0,236.0,1339.0,1323.0,88.52118390532291,2.0,1.0
9.0,-36.0,-35.0,1.0,-35.111111111111114,-35.0,0.33333333333333337,6179.0,1277.0,2052.0,775.0,1561.2857142857142,1422.0,341.2778507734884,2.0,1.0
8.0,-36.0,-35.0,1.0,-35.125,-35.0,0.3535533905932738,5646.0,1372.0,1469.0,97.0,1400.5,1384.0,38.01447092884498,2.0,1.0
8.0,-36.0,-35.0,1.0,-35.5,-35.5,0.5345224838248488,5200.0,1177.0,1474.0,297.0,1266.3333333333333,1217.5,116.31107714515701,2.0,1.0
8.0,-39.0,-35.0,4.0,-35.875,-35.5,1.3562026818605375,5068.0,895.0,1469.0,574.0,1316.1666666666667,1359.5,213.86202717328447,2.0,1.0
8.0,-36.0,-35.0,1.0,-35.5,-35.5,0.5345224838248488,5495.0,1318.0,1413.0,95.0,1371.1666666666667,1382.5,44.772387323736346,2.0,1.0
8.0,-37.0,-35.0,2.0,-35.625,-35.5,0.7440238091428449,5176.0,1236.0,1350.0,114.0,1295.1666666666667,1295.5,57.30764928582106,2.0,1.0
8.0,-38.0,-35.0,3.0,-35.75,-35.5,1.0350983390135313,5024.0,1203.0,1316.0,113.0,1257.3333333333333,1253.0,52.82676089508675,2.0,1.0
8.0,-39.0,-36.0,3.0,-38.25,-38.5,1.0350983390135313,5826.0,1264.0,1889.0,625.0,1497.8333333333333,1338.0,306.55467157860545,2.0,1.0
8.0,-38.0,-36.0,2.0,-36.75,-36.5,0.8864052604279183,5688.0,1384.0,1504.0,120.0,1411.3333333333333,1392.5,46.14614465658715,2.0,1.0
8.0,-38.0,-36.0,2.0,-37.125,-37.0,0.8345229603962802,5687.0,1361.0,1538.0,177.0,1437.6666666666667,1400.0,79.01561027206375,2.0,1.0
8.0,-38.0,-37.0,1.0,-37.875,-38.0,0.3535533905932738,5278.0,1301.0,1333.0,32.0,1323.5,1329.5,12.62933094031509,2.0,1.0
8.0,-37.0,-37.0,0.0,-37.0,-37.0,0.0,5261.0,1183.0,1443.0,260.0,1325.5,1318.0,112.40240210956347,2.0,1.0
8.0,-38.0,-37.0,1.0,-37.125,-37.0,0.3535533905932738,5150.0,1242.0,1335.0,93.0,1285.8333333333333,1287.0,39.163333191477285,2.0,1.0
8.0,-38.0,-37.0,1.0,-37.125,-37.0,0.3535533905932738,5484.0,1248.0,1443.0,195.0,1379.6666666666667,1397.0,73.04154069203817,2.0,1.0
5.0,-39.0,-36.0,3.0,-37.6,-38.0,1.140175425099138,5117.0,1079.0,1392.0,313.0,1279.25,1323.0,139.2943526014844,1.0,1.0
5.0,-38.0,-37.0,1.0,-37.6,-38.0,0.5477225575051661,5032.0,1017.0,1445.0,428.0,1258.0,1285.0,188.57005771507485,1.0,1.0
5.0,-39.0,-36.0,3.0,-37.8,-39.0,1.6431676725154982,5184.0,1223.0,1388.0,165.0,1296.0,1286.5,80.16233529532433,1.0,1.0
5.0,-38.0,-36.0,2.0,-37.0,-37.0,0.7071067811865476,5414.0,1332.0,1375.0,43.0,1353.5,1353.5,17.7857620959388,1.0,1.0
6.0,-38.0,-37.0,1.0,-37.666666666666664,-38.0,0.5163977794943222,5955.0,796.0,1350.0,554.0,1191.0,1303.0,231.83291397038514,1.0,1.0
5.0,-38.0,-37.0,1.0,-37.8,-38.0,0.4472135954999579,5033.0,1237.0,1281.0,44.0,1258.25,1257.5,21.990528264080726,1.0,1.0
5.0,-38.0,-38.0,0.0,-38.0,-38.0,0.0,5217.0,1250.0,1330.0,80.0,1304.25,1318.5,36.95379998502635,1.0,1.0
6.0,-38.0,-38.0,0.0,-38.0,-38.0,0.0,5912.0,875.0,1358.0,483.0,1182.4,1216.0,182.20400654211753,1.0,1.0
5.0,-39.0,-38.0,1.0,-38.8,-39.0,0.4472135954999579,5033.0,1196.0,1339.0,143.0,1258.25,1249.0,60.95011621536637,1.0,1.0
5.0,-39.0,-38.0,1.0,-38.8,-39.0,0.4472135954999579,5458.0,1270.0,1437.0,167.0,1364.5,1375.5,70.97652193977011,1.0,1.0
5.0,-39.0,-38.0,1.0,-38.2,-38.0,0.4472135954999579,5003.0,829.0,1432.0,603.0,1250.75,1371.0,283.3118129082043,1.0,1.0
5.0,-39.0,-38.0,1.0,-38.2,-38.0,0.4472135954999579,5641.0,1263.0,1492.0,229.0,1410.25,1443.0,107.3324275324098,1.0,1.0
5.0,-38.0,-38.0,0.0,-38.0,-38.0,0.0,5152.0,1224.0,1348.0,124.0,1288.0,1290.0,56.645093932896486,1.0,1.0
6.0,-38.0,-38.0,0.0,-38.0,-38.0,0.0,6173.0,810.0,1423.0,613.0,1234.6,1360.0,249.44598613727985,1.0,1.0
5.0,-38.0,-38.0,0.0,-38.0,-38.0,0.0,5170.0,1251.0,1361.0,110.0,1292.5,1279.0,51.73329037798904,1.0,1.0
5.0,-38.0,-38.0,0.0,-38.0,-38.0,0.0,5192.0,1250.0,1352.0,102.0,1298.0,1295.0,41.817061908587824,1.0,1.0
5.0,-38.0,-38.0,0.0,-38.0,-38.0,0.0,6052.0,1337.0,1894.0,557.0,1513.0,1410.5,256.3526217277028,1.0,1.0
5.0,-38.0,-38.0,0.0,-38.0,-38.0,0.0,5272.0,1232.0,1446.0,214.0,1318.0,1297.0,93.11999427262296,1.0,1.0
6.0,-38.0,-37.0,1.0,-37.833333333333336,-38.0,0.408248290463863,6117.0,1176.0,1333.0,157.0,1223.4,1195.0,63.145071066552774,1.0,1.0
5.0,-40.0,-38.0,2.0,-38.6,-38.0,0.8944271909999159,5007.0,1170.0,1347.0,177.0,1251.75,1245.0,72.7203547846131,1.0,1.0
5.0,-40.0,-40.0,0.0,-40.0,-40.0,0.0,5508.0,1359.0,1391.0,32.0,1377.0,1379.0,13.366625103842281,1.0,1.0
6.0,-59.0,-55.0,4.0,-56.666666666666664,-56.5,1.3662601021279464,5468.0,1072.0,1144.0,72.0,1093.6,1081.0,30.2539253651489,1.0,5.0
6.0,-58.0,-56.0,2.0,-56.833333333333336,-57.0,0.752772652709081,5912.0,1083.0,1406.0,323.0,1182.4,1124.0,132.4360222900099,1.0,5.0
6.0,-56.0,-52.0,4.0,-53.666666666666664,-53.5,1.3662601021279464,5745.0,1086.0,1176.0,90.0,1149.0,1168.0,37.30951621235526,1.0,5.0
5.0,-55.0,-53.0,2.0,-54.2,-54.0,0.8366600265340756,5076.0,1210.0,1361.0,151.0,1269.0,1252.5,70.73424441763221,1.0,5.0
6.0,-54.0,-54.0,0.0,-54.0,-54.0,0.0,6028.0,1146.0,1252.0,106.0,1205.6,1216.0,46.24716207509386,1.0,5.0
6.0,-54.0,-53.0,1.0,-53.833333333333336,-54.0,0.408248290463863,5586.0,1089.0,1161.0,72.0,1117.2,1108.0,31.507142047478695,1.0,5.0
6.0,-55.0,-54.0,1.0,-54.333333333333336,-54.0,0.5163977794943223,5731.0,1047.0,1241.0,194.0,1146.2,1178.0,86.02150893817196,1.0,5.0
6.0,-54.0,-54.0,0.0,-54.0,-54.0,0.0,5461.0,651.0,1298.0,647.0,1092.2,1169.0,252.75818483285562,1.0,5.0
6.0,-55.0,-54.0,1.0,-54.666666666666664,-55.0,0.5163977794943223,6104.0,1112.0,1305.0,193.0,1220.8,1221.0,71.37366461097538,1.0,5.0
6.0,-55.0,-54.0,1.0,-54.5,-54.5,0.5477225575051661,5986.0,1104.0,1261.0,157.0,1197.2,1227.0,62.89435586759753,1.0,5.0
6.0,-55.0,-55.0,0.0,-55.0,-55.0,0.0,5688.0,833.0,1249.0,416.0,1137.6,1227.0,177.07004263849942,1.0,5.0
6.0,-55.0,-54.0,1.0,-54.833333333333336,-55.0,0.408248290463863,5667.0,1100.0,1153.0,53.0,1133.4,1135.0,20.743673734418405,1.0,5.0
6.0,-55.0,-54.0,1.0,-54.166666666666664,-54.0,0.408248290463863,5797.0,1102.0,1251.0,149.0,1159.4,1148.0,59.420535170932276,1.0,5.0
5.0,-54.0,-54.0,0.0,-54.0,-54.0,0.0,5394.0,1176.0,1770.0,594.0,1348.5,1224.0,282.1093168732055,1.0,5.0
6.0,-54.0,-54.0,0.0,-54.0,-54.0,0.0,5757.0,1086.0,1203.0,117.0,1151.4,1164.0,52.79488611598665,1.0,5.0
6.0,-54.0,-54.0,0.0,-54.0,-54.0,0.0,6041.0,1113.0,1297.0,184.0,1208.2,1232.0,70.55281709471281,1.0,5.0
5.0,-54.0,-54.0,0.0,-54.0,-54.0,0.0,5013.0,1195.0,1318.0,123.0,1253.25,1250.0,51.46115039522533,1.0,5.0
6.0,-56.0,-54.0,2.0,-55.166666666666664,-55.0,0.752772652709081,5714.0,1106.0,1177.0,71.0,1142.8,1139.0,33.010604356782075,1.0,5.0
6.0,-55.0,-54.0,1.0,-54.666666666666664,-55.0,0.5163977794943223,6100.0,1149.0,1324.0,175.0,1220.0,1206.0,75.57446658759822,1.0,5.0
5.0,-55.0,-54.0,1.0,-54.8,-55.0,0.4472135954999579,5002.0,1169.0,1340.0,171.0,1250.5,1246.5,69.97380462239661,1.0,5.0
5.0,-54.0,-54.0,0.0,-54.0,-54.0,0.0,5160.0,1270.0,1315.0,45.0,1290.0,1287.5,19.849433241279208,1.0,5.0
6.0,-55.0,-54.0,1.0,-54.333333333333336,-54.0,0.5163977794943223,5776.0,1102.0,1210.0,108.0,1155.2,1147.0,41.63772328069824,1.0,5.0
6.0,-55.0,-54.0,1.0,-54.5,-54.5,0.5477225575051661,5825.0,1089.0,1276.0,187.0,1165.0,1122.0,87.10051664599929,1.0,5.0
5.0,-55.0,-55.0,0.0,-55.0,-55.0,0.0,5067.0,1227.0,1336.0,109.0,1266.75,1252.0,49.40563395673277,1.0,5.0
5.0,-55.0,-54.0,1.0,-54.4,-54.0,0.5477225575051661,5089.0,1244.0,1305.0,61.0,1272.25,1270.0,25.368944269191285,1.0,5.0
6.0,-55.0,-54.0,1.0,-54.666666666666664,-55.0,0.5163977794943223,5609.0,1064.0,1175.0,111.0,1121.8,1112.0,42.109381377550534,1.0,5.0
11.0,-55.0,-53.0,2.0,-54.0,-54.0,0.6324555320336759,5868.0,1090.0,1286.0,196.0,1161.2222222222222,1196.0,71.59220938373423,2.0,5.0
8.0,-54.0,-54.0,0.0,-54.0,-54.0,0.0,5040.0,1202.0,1324.0,122.0,1262.5,1258.0,60.83995397762888,2.0,5.0
10.0,-54.0,-54.0,0.0,-54.0,-54.0,0.0,5783.0,838.0,1293.0,455.0,1179.5,1201.0,147.07529655636552,2.0,5.0
10.0,-54.0,-54.0,0.0,-54.0,-54.0,0.0,5899.0,1090.0,1276.0,186.0,1172.0,1134.0,82.74055837375042,2.0,5.0
10.0,-54.0,-54.0,0.0,-54.0,-54.0,0.0,5726.0,1116.0,1181.0,65.0,1151.25,1147.0,23.432273226715086,2.0,5.0
10.0,-54.0,-54.0,0.0,-54.0,-54.0,0.0,6066.0,1138.0,1259.0,121.0,1217.75,1255.0,54.34742732772967,2.0,5.0
10.0,-55.0,-54.0,1.0,-54.5,-54.5,0.5270462766947299,5763.0,1094.0,1242.0,148.0,1148.875,1154.0,51.60962673211822,2.0,5.0
9.0,-54.0,-54.0,0.0,-54.0,-54.0,0.0,5736.0,1086.0,2183.0,1097.0,1290.5714285714287,1114.0,404.64422939287346,2.0,5.0
8.0,-56.0,-54.0,2.0,-54.375,-54.0,0.7440238091428449,5025.0,1196.0,1315.0,119.0,1268.1666666666667,1268.5,44.91510510581787,2.0,5.0
10.0,-55.0,-54.0,1.0,-54.1,-54.0,0.31622776601683783,5277.0,775.0,1193.0,418.0,1073.5,1094.5,131.21084449955237,2.0,5.0
8.0,-54.0,-54.0,0.0,-54.0,-54.0,0.0,5080.0,1239.0,1327.0,88.0,1274.3333333333333,1257.0,42.54252774185694,2.0,5.0
8.0,-54.0,-54.0,0.0,-54.0,-54.0,0.0,5075.0,1214.0,1343.0,129.0,1258.0,1259.0,47.11687595755899,2.0,5.0
10.0,-54.0,-54.0,0.0,-54.0,-54.0,0.0,5342.0,622.0,1319.0,697.0,1097.625,1081.5,228.5937991284978,2.0,5.0
10.0,-54.0,-54.0,0.0,-54.0,-54.0,0.0,5786.0,1092.0,1219.0,127.0,1148.375,1148.5,44.46808646980117,2.0,5.0
10.0,-56.0,-54.0,2.0,-54.2,-54.0,0.6324555320336758,6252.0,1220.0,1290.0,70.0,1244.25,1240.5,24.034201820382076,2.0,5.0
10.0,-55.0,-54.0,1.0,-54.1,-54.0,0.3162277660168379,5990.0,1111.0,1300.0,189.0,1192.0,1150.5,81.72077896279326,2.0,5.0
10.0,-55.0,-54.0,1.0,-54.1,-54.0,0.31622776601683783,5621.0,795.0,1263.0,468.0,1116.25,1229.5,204.95347904202205,2.0,5.0
8.0,-55.0,-54.0,1.0,-54.25,-54.0,0.4629100498862757,5014.0,1227.0,1292.0,65.0,1255.5,1248.0,29.66985001647295,2.0,5.0
10.0,-55.0,-54.0,1.0,-54.5,-54.5,0.5270462766947299,5604.0,1099.0,1147.0,48.0,1114.75,1107.0,19.804400665364394,2.0,5.0
10.0,-55.0,-54.0,1.0,-54.5,-54.5,0.5270462766947299,5430.0,710.0,1253.0,543.0,1130.625,1181.0,183.67668605459974,2.0,5.0
10.0,-57.0,-54.0,3.0,-54.9,-55.0,0.8755950357709134,5740.0,1085.0,1232.0,147.0,1145.5,1126.0,52.91772589866003,2.0,5.0
10.0,-55.0,-55.0,0.0,-55.0,-55.0,0.0,5931.0,1143.0,1243.0,100.0,1190.375,1200.0,42.36891549237483,2.0,5.0
8.0,-55.0,-55.0,0.0,-55.0,-55.0,0.0,5085.0,1182.0,1396.0,214.0,1290.0,1259.0,86.63486596053578,2.0,5.0
10.0,-55.0,-55.0,0.0,-55.0,-55.0,0.0,5487.0,666.0,1319.0,653.0,1071.875,1187.5,259.10033219364493,2.0,5.0
10.0,-55.0,-55.0,0.0,-55.0,-55.0,0.0,6195.0,1215.0,1267.0,52.0,1242.125,1242.0,17.62658300895067,2.0,5.0
10.0,-55.0,-55.0,0.0,-55.0,-55.0,0.0,5780.0,1084.0,1309.0,225.0,1144.5,1142.5,72.17637128194082,2.0,5.0
8.0,-57.0,-55.0,2.0,-55.25,-55.0,0.7071067811865476,5001.0,1215.0,1330.0,115.0,1258.5,1228.5,55.50045044862249,2.0,5.0
10.0,-55.0,-55.0,0.0,-55.0,-55.0,0.0,5401.0,804.0,1227.0,423.0,1106.875,1126.0,132.30531519395367,2.0,5.0
10.0,-55.0,-55.0,0.0,-55.0,-55.0,0.0,6104.0,1163.0,1263.0,100.0,1230.25,1237.5,35.812009158939965,2.0,5.0
10.0,-55.0,-55.0,0.0,-55.0,-55.0,0.0,5920.0,1156.0,1225.0,69.0,1178.375,1173.5,23.046149352983026,2.0,5.0
8.0,-55.0,-55.0,0.0,-55.0,-55.0,0.0,5172.0,1040.0,1643.0,603.0,1334.0,1245.0,252.86280865323,2.0,5.0
10.0,-55.0,-54.0,1.0,-54.7,-55.0,0.48304589153964794,5602.0,1094.0,1153.0,59.0,1118.875,1109.5,25.278096108234553,2.0,5.0
10.0,-54.0,-54.0,0.0,-54.0,-54.0,0.0,5526.0,1090.0,1116.0,26.0,1103.625,1104.0,10.888230867710853,2.0,5.0
10.0,-55.0,-54.0,1.0,-54.2,-54.0,0.4216370213557839,6099.0,1069.0,1348.0,279.0,1202.0,1194.0,127.99441952120971,2.0,5.0
10.0,-54.0,-54.0,0.0,-54.0,-54.0,0.0,5974.0,1097.0,1241.0,144.0,1185.25,1199.0,61.32990414844249,2.0,5.0
8.0,-55.0,-54.0,1.0,-54.5,-54.5,0.5345224838248488,5084.0,1234.0,1300.0,66.0,1266.5,1274.5,26.718907163280463,2.0,5.0
8.0,-55.0,-54.0,1.0,-54.125,-54.0,0.3535533905932738,5119.0,1247.0,1340.0,93.0,1271.6666666666667,1264.0,34.69101708896219,2.0,5.0
