11.0,-42.0,-40.0,2.0,-41.09090909090909,-42.0,1.0444659357341868,6001.0,1141.0,1266.0,125.0,1199.111111111111,1192.0,44.4619062919159,2.0,2.0
9.0,-41.0,-39.0,2.0,-40.111111111111114,-40.0,0.7817359599705717,6222.0,1181.0,2520.0,1339.0,1424.0,1226.0,485.33150182804604,2.0,2.0
10.0,-41.0,-39.0,2.0,-40.0,-40.0,0.6666666666666666,5721.0,989.0,1253.0,264.0,1150.375,1133.5,81.2174110467876,2.0,2.0
10.0,-41.0,-36.0,5.0,-39.4,-40.0,1.837873166945363,5695.0,1087.0,1282.0,195.0,1122.75,1099.5,65.6217516202843,2.0,2.0
10.0,-40.0,-37.0,3.0,-38.6,-39.0,0.9660917830792958,6185.0,1190.0,1278.0,88.0,1229.5,1229.5,30.95619024178709,2.0,2.0
10.0,-40.0,-37.0,3.0,-38.5,-39.0,0.97182531580755,5907.0,1085.0,1276.0,191.0,1181.75,1144.0,78.05080762829154,2.0,2.0
8.0,-40.0,-37.0,3.0,-38.75,-39.0,0.8864052604279183,5619.0,1215.0,1865.0,650.0,1450.0,1270.5,321.2077209532797,2.0,2.0
10.0,-39.0,-37.0,2.0,-38.2,-38.5,0.9189365834726814,6243.0,1210.0,1359.0,149.0,1235.625,1215.5,51.03762617632491,2.0,2.0
10.0,-40.0,-37.0,3.0,-38.7,-39.0,0.9486832980505137,5894.0,1105.0,1301.0,196.0,1179.75,1133.5,87.47366950770304,2.0,2.0
10.0,-41.0,-38.0,3.0,-39.5,-39.5,1.2692955176439846,5243.0,726.0,1145.0,419.0,1082.25,1127.0,144.18911193290566,2.0,2.0
10.0,-40.0,-39.0,1.0,-39.8,-40.0,0.4216370213557839,6102.0,1160.0,1264.0,104.0,1215.875,1213.5,42.609313200620484,2.0,2.0
10.0,-40.0,-39.0,1.0,-39.6,-40.0,0.5163977794943222,5801.0,1040.0,1240.0,200.0,1165.625,1208.5,74.17534727156418,2.0,2.0
10.0,-41.0,-39.0,2.0,-40.1,-40.0,0.5676462121975466,5494.0,1049.0,1172.0,123.0,1107.125,1098.5,45.319303676405774,2.0,2.0
10.0,-41.0,-39.0,2.0,-40.0,-40.0,0.6666666666666666,6109.0,1116.0,1361.0,245.0,1237.0,1227.5,87.33842224359219,2.0,2.0
10.0,-41.0,-40.0,1.0,-40.4,-40.0,0.5163977794943222,5757.0,1095.0,1217.0,122.0,1143.125,1134.0,45.13293855774453,2.0,2.0
8.0,-41.0,-40.0,1.0,-40.75,-41.0,0.4629100498862757,5021.0,1089.0,1381.0,292.0,1262.1666666666667,1276.0,100.10278051416287,2.0,2.0
10.0,-43.0,-40.0,3.0,-41.3,-41.0,0.9486832980505137,6475.0,1111.0,1686.0,575.0,1269.375,1217.0,174.05412745957588,2.0,2.0
10.0,-41.0,-38.0,3.0,-39.6,-40.0,0.843274042711568,5800.0,1100.0,1236.0,136.0,1158.125,1120.5,59.154609770861114,2.0,2.0
10.0,-41.0,-39.0,2.0,-39.8,-40.0,0.6324555320336759,6015.0,1117.0,1268.0,151.0,1205.875,1229.5,65.47723159345435,2.0,2.0
10.0,-40.0,-38.0,2.0,-39.5,-40.0,0.7071067811865476,5886.0,1098.0,1243.0,145.0,1170.75,1151.5,63.01643776485171,2.0,2.0
10.0,-40.0,-39.0,1.0,-39.6,-40.0,0.5163977794943222,5721.0,809.0,1330.0,521.0,1113.875,1160.0,202.08445016873515,2.0,2.0
10.0,-43.0,-37.0,6.0,-39.7,-39.5,1.766981104093143,5789.0,1033.0,1279.0,246.0,1136.75,1135.0,93.77594878980734,2.0,2.0
10.0,-49.0,-45.0,4.0,-46.9,-47.0,1.4491376746189437,5581.0,1059.0,2200.0,1141.0,1239.625,1084.0,392.6557698180794,2.0,5.0
10.0,-46.0,-45.0,1.0,-45.5,-45.5,0.5270462766947299,6176.0,1098.0,1323.0,225.0,1233.125,1267.0,89.86567356735432,2.0,5.0
10.0,-46.0,-45.0,1.0,-45.6,-46.0,0.5163977794943222,6078.0,1124.0,1270.0,146.0,1228.25,1239.5,49.00655932773548,2.0,5.0
8.0,-46.0,-45.0,1.0,-45.5,-45.5,0.5345224838248488,5049.0,1216.0,1303.0,87.0,1263.6666666666667,1265.5,29.957748023953112,2.0,5.0
10.0,-46.0,-45.0,1.0,-45.2,-45.0,0.4216370213557839,5399.0,716.0,1253.0,537.0,1128.625,1188.0,181.70772253421543,2.0,5.0
10.0,-46.0,-45.0,1.0,-45.3,-45.0,0.48304589153964794,5913.0,1111.0,1258.0,147.0,1177.375,1165.5,55.14380550627863,2.0,5.0
10.0,-46.0,-44.0,2.0,-45.3,-45.0,0.6749485577105528,6170.0,1201.0,1290.0,89.0,1233.75,1214.0,38.171605003869416,2.0,5.0
10.0,-46.0,-45.0,1.0,-45.7,-46.0,0.4830458915396479,5962.0,1125.0,1258.0,133.0,1195.625,1219.0,59.694310568811446,2.0,5.0
10.0,-46.0,-45.0,1.0,-45.8,-46.0,0.4216370213557839,5315.0,626.0,1276.0,650.0,1045.75,1147.5,268.856175040007,2.0,5.0
10.0,-47.0,-45.0,2.0,-45.7,-46.0,0.6749485577105528,6205.0,1146.0,1345.0,199.0,1232.0,1217.0,70.07750810964345,2.0,5.0
10.0,-47.0,-45.0,2.0,-45.8,-46.0,0.6324555320336759,5871.0,1112.0,1223.0,111.0,1177.125,1205.5,50.45064773759458,2.0,5.0
8.0,-47.0,-46.0,1.0,-46.25,-46.0,0.4629100498862757,5792.0,1057.0,2259.0,1202.0,1333.6666666666667,1152.0,463.76962671855375,2.0,5.0
10.0,-46.0,-45.0,1.0,-45.7,-46.0,0.4830458915396479,6146.0,1152.0,1321.0,169.0,1234.875,1249.5,69.37565958502408,2.0,5.0
10.0,-47.0,-45.0,2.0,-45.8,-46.0,0.6324555320336759,5602.0,1089.0,1157.0,68.0,1121.125,1106.5,27.905132656402632,2.0,5.0
8.0,-47.0,-45.0,2.0,-45.75,-46.0,0.7071067811865476,5065.0,1243.0,1311.0,68.0,1262.3333333333333,1255.5,26.24245923435276,2.0,5.0
10.0,-46.0,-45.0,1.0,-45.6,-46.0,0.5163977794943222,5896.0,1085.0,1415.0,330.0,1189.75,1116.5,140.63910246747574,2.0,5.0
8.0,-47.0,-45.0,2.0,-45.875,-46.0,0.6408699444616557,5138.0,1212.0,1335.0,123.0,1288.3333333333333,1295.5,43.555328797595664,2.0,5.0
10.0,-47.0,-45.0,2.0,-46.0,-46.0,0.6666666666666666,5795.0,1079.0,1252.0,173.0,1146.5,1128.0,70.81565605752122,2.0,5.0
10.0,-46.0,-45.0,1.0,-45.7,-46.0,0.4830458915396479,5456.0,533.0,1298.0,765.0,1146.125,1217.0,250.90318992449204,2.0,5.0
9.0,-47.0,-45.0,2.0,-45.888888888888886,-46.0,0.6009252125773314,5637.0,1112.0,2242.0,1130.0,1289.142857142857,1138.0,420.3524031775516,2.0,5.0
10.0,-47.0,-45.0,2.0,-45.8,-46.0,0.6324555320336759,5630.0,1067.0,1210.0,143.0,1126.0,1104.5,56.88333926304156,2.0,5.0
10.0,-47.0,-45.0,2.0,-46.3,-46.0,0.6749485577105528,5580.0,1054.0,1220.0,166.0,1110.875,1115.5,51.320943928519924,2.0,5.0
8.0,-46.0,-45.0,1.0,-45.75,-46.0,0.4629100498862757,5363.0,1204.0,1736.0,532.0,1386.3333333333333,1218.5,270.14119764794606,2.0,5.0
10.0,-46.0,-45.0,1.0,-45.9,-46.0,0.3162277660168379,6006.0,1096.0,1244.0,148.0,1211.375,1232.0,49.45398293940973,2.0,5.0
10.0,-46.0,-45.0,1.0,-45.6,-46.0,0.5163977794943222,5957.0,1083.0,1305.0,222.0,1186.875,1173.0,87.74547200364732,2.0,5.0
10.0,-49.0,-44.0,5.0,-46.6,-46.5,1.5776212754932313,5978.0,1086.0,1245.0,159.0,1206.125,1214.0,50.48744539840715,2.0,5.0
8.0,-47.0,-44.0,3.0,-45.375,-45.0,1.407885953173359,5204.0,1263.0,1388.0,125.0,1290.3333333333333,1274.5,48.29768800539698,2.0,5.0
6.0,-47.0,-46.0,1.0,-46.5,-46.5,0.5477225575051661,5982.0,1070.0,1319.0,249.0,1196.4,1242.0,105.10137962938451,1.0,5.0
5.0,-47.0,-45.0,2.0,-46.0,-46.0,0.7071067811865476,5385.0,1204.0,1631.0,427.0,1346.25,1275.0,194.41600585685669,1.0,5.0
6.0,-47.0,-46.0,1.0,-46.166666666666664,-46.0,0.408248290463863,6129.0,1194.0,1240.0,46.0,1225.8,1230.0,18.740330840195966,1.0,5.0
6.0,-47.0,-46.0,1.0,-46.666666666666664,-47.0,0.5163977794943223,6166.0,1205.0,1280.0,75.0,1233.2,1230.0,28.70017421549911,1.0,5.0
5.0,-47.0,-46.0,1.0,-46.4,-46.0,0.5477225575051661,5441.0,1221.0,1679.0,458.0,1360.25,1270.5,215.12999945769224,1.0,5.0
6.0,-48.0,-46.0,2.0,-46.666666666666664,-46.5,0.816496580927726,5587.0,1059.0,1159.0,100.0,1117.4,1113.0,40.13477295313878,1.0,5.0
6.0,-47.0,-46.0,1.0,-46.333333333333336,-46.0,0.5163977794943223,6087.0,1139.0,1301.0,162.0,1217.4,1215.0,57.48304097731782,1.0,5.0
6.0,-49.0,-46.0,3.0,-47.166666666666664,-47.0,1.169045194450012,5209.0,594.0,1266.0,672.0,1041.8,1096.0,259.96192028833764,1.0,5.0
5.0,-47.0,-45.0,2.0,-46.6,-47.0,0.8944271909999159,5055.0,1209.0,1297.0,88.0,1263.75,1274.5,38.01205948993907,1.0,5.0
6.0,-47.0,-46.0,1.0,-46.5,-46.5,0.5477225575051661,5659.0,1097.0,1198.0,101.0,1131.8,1130.0,40.26412795529043,1.0,5.0
5.0,-47.0,-46.0,1.0,-46.6,-47.0,0.5477225575051661,5450.0,1206.0,1756.0,550.0,1362.5,1244.0,264.15967393478763,1.0,5.0
6.0,-47.0,-45.0,2.0,-46.333333333333336,-46.5,0.816496580927726,5957.0,1106.0,1333.0,227.0,1191.4,1131.0,102.59288474353376,1.0,5.0
6.0,-47.0,-47.0,0.0,-47.0,-47.0,0.0,5910.0,1121.0,1255.0,134.0,1182.0,1167.0,53.99073994677235,1.0,5.0
6.0,-48.0,-46.0,2.0,-46.833333333333336,-46.5,0.983192080250175,6070.0,1101.0,1338.0,237.0,1214.0,1162.0,113.89688318825937,1.0,5.0
6.0,-47.0,-46.0,1.0,-46.833333333333336,-47.0,0.408248290463863,6079.0,1121.0,1246.0,125.0,1215.8,1239.0,53.2325088644148,1.0,5.0
6.0,-48.0,-46.0,2.0,-46.666666666666664,-46.5,0.816496580927726,5548.0,1072.0,1133.0,61.0,1109.6,1120.0,24.704250646396865,1.0,5.0
6.0,-47.0,-45.0,2.0,-46.5,-47.0,0.8366600265340756,5532.0,637.0,1276.0,639.0,1106.4,1189.0,265.3107611839369,1.0,5.0
5.0,-47.0,-45.0,2.0,-46.2,-46.0,0.8366600265340756,23145.0,1181.0,9869.0,8688.0,5786.25,6047.5,4097.523591552992,1.0,5.0
6.0,-49.0,-46.0,3.0,-47.5,-47.0,1.224744871391589,12826.0,1100.0,8356.0,7256.0,2565.2,1128.0,3237.203530827186,1.0,5.0
6.0,-51.0,-50.0,1.0,-50.5,-50.5,0.5477225575051661,6182.0,1204.0,1274.0,70.0,1236.4,1224.0,29.68669735757078,1.0,5.0
6.0,-51.0,-49.0,2.0,-49.833333333333336,-50.0,0.752772652709081,6056.0,1101.0,1330.0,229.0,1211.2,1207.0,83.97440086121485,1.0,5.0
6.0,-50.0,-50.0,0.0,-50.0,-50.0,0.0,5493.0,710.0,1235.0,525.0,1098.6,1186.0,220.43207570587361,1.0,5.0
6.0,-51.0,-50.0,1.0,-50.333333333333336,-50.0,0.5163977794943223,6191.0,1138.0,1306.0,168.0,1238.2,1226.0,68.74009019487828,1.0,5.0
6.0,-51.0,-49.0,2.0,-50.166666666666664,-50.0,0.752772652709081,7170.0,1098.0,2546.0,1448.0,1434.0,1171.0,622.5965788534338,1.0,5.0
6.0,-51.0,-50.0,1.0,-50.166666666666664,-50.0,0.408248290463863,6140.0,1172.0,1304.0,132.0,1228.0,1230.0,55.583270864532615,1.0,5.0
6.0,-51.0,-49.0,2.0,-50.0,-50.0,0.6324555320336759,5894.0,1091.0,1243.0,152.0,1178.8,1215.0,75.17446374933445,1.0,5.0
6.0,-51.0,-50.0,1.0,-50.666666666666664,-51.0,0.5163977794943223,6497.0,1091.0,1669.0,578.0,1299.4,1213.0,225.15505768247803,1.0,5.0
6.0,-51.0,-50.0,1.0,-50.5,-50.5,0.5477225575051661,5979.0,1100.0,1259.0,159.0,1195.8,1202.0,66.34907685868734,1.0,5.0
6.0,-40.0,-37.0,3.0,-38.5,-38.5,1.0488088481701516,5954.0,1088.0,1272.0,184.0,1190.8,1200.0,71.35264536091147,1.0,2.0
6.0,-38.0,-35.0,3.0,-36.666666666666664,-36.5,1.2110601416389966,6221.0,1214.0,1310.0,96.0,1244.2,1232.0,37.765063219859705,1.0,2.0
6.0,-39.0,-37.0,2.0,-37.666666666666664,-37.5,0.816496580927726,6116.0,1212.0,1242.0,30.0,1223.2,1216.0,13.16054710108968,1.0,2.0
6.0,-37.0,-36.0,1.0,-36.166666666666664,-36.0,0.408248290463863,5692.0,769.0,1266.0,497.0,1138.4,1201.0,208.8738853949914,1.0,2.0
5.0,-36.0,-35.0,1.0,-35.8,-36.0,0.4472135954999579,5007.0,1230.0,1298.0,68.0,1251.75,1239.5,31.47882886428062,1.0,2.0
6.0,-36.0,-35.0,1.0,-35.833333333333336,-36.0,0.408248290463863,6210.0,1202.0,1279.0,77.0,1242.0,1247.0,31.13679495388053,1.0,2.0
5.0,-36.0,-35.0,1.0,-35.4,-35.0,0.5477225575051661,6528.0,1194.0,2911.0,1717.0,1632.0,1211.5,852.7090164098576,1.0,2.0
6.0,-36.0,-35.0,1.0,-35.833333333333336,-36.0,0.408248290463863,6241.0,1230.0,1271.0,41.0,1248.2,1243.0,15.990622251807462,1.0,2.0
6.0,-37.0,-35.0,2.0,-35.666666666666664,-35.5,0.816496580927726,6295.0,1180.0,1319.0,139.0,1259.0,1254.0,57.10078808562978,1.0,2.0
5.0,-36.0,-35.0,1.0,-35.4,-35.0,0.5477225575051661,5087.0,1226.0,1329.0,103.0,1271.75,1266.0,43.06874349997533,1.0,2.0
5.0,-36.0,-35.0,1.0,-35.8,-36.0,0.4472135954999579,5028.0,1216.0,1316.0,100.0,1257.0,1248.0,43.65012409298894,1.0,2.0
6.0,-36.0,-35.0,1.0,-35.666666666666664,-36.0,0.5163977794943223,6201.0,1195.0,1289.0,94.0,1240.2,1231.0,41.757634032593366,1.0,2.0
5.0,-35.0,-34.0,1.0,-34.4,-34.0,0.5477225575051661,5038.0,1191.0,1394.0,203.0,1259.5,1226.5,91.21586119383697,1.0,2.0
5.0,-35.0,-34.0,1.0,-34.4,-34.0,0.5477225575051661,5073.0,1225.0,1341.0,116.0,1268.25,1253.5,51.51941381654104,1.0,2.0
5.0,-35.0,-34.0,1.0,-34.2,-34.0,0.4472135954999579,5099.0,1196.0,1331.0,135.0,1274.75,1286.0,57.09859893202284,1.0,2.0
5.0,-34.0,-34.0,0.0,-34.0,-34.0,0.0,5505.0,1241.0,1694.0,453.0,1376.25,1285.0,213.24692260382093,1.0,2.0
6.0,-34.0,-34.0,0.0,-34.0,-34.0,0.0,6076.0,1148.0,1274.0,126.0,1215.2,1219.0,44.95219683174561,1.0,2.0
5.0,-35.0,-34.0,1.0,-34.4,-34.0,0.5477225575051661,5211.0,1238.0,1354.0,116.0,1302.75,1309.5,53.33776023294067,1.0,2.0
6.0,-35.0,-34.0,1.0,-34.666666666666664,-35.0,0.5163977794943223,6101.0,1121.0,1284.0,163.0,1220.2,1224.0,62.40352554143075,1.0,2.0
6.0,-36.0,-35.0,1.0,-35.333333333333336,-35.0,0.5163977794943223,5856.0,1104.0,1267.0,163.0,1171.2,1162.0,63.148238296883626,1.0,2.0
5.0,-36.0,-36.0,0.0,-36.0,-36.0,0.0,5560.0,1219.0,1837.0,618.0,1390.0,1252.0,298.40576401939694,1.0,2.0
6.0,-35.0,-34.0,1.0,-34.5,-34.5,0.5477225575051661,6179.0,1187.0,1328.0,141.0,1235.8,1217.0,54.43068987253423,1.0,2.0
6.0,-35.0,-34.0,1.0,-34.833333333333336,-35.0,0.408248290463863,5813.0,1109.0,1263.0,154.0,1162.6,1127.0,63.649823251914846,1.0,2.0
6.0,-35.0,-34.0,1.0,-34.833333333333336,-35.0,0.408248290463863,6198.0,1144.0,1287.0,143.0,1239.6,1251.0,57.760713291994584,1.0,2.0
6.0,-36.0,-35.0,1.0,-35.5,-35.5,0.5477225575051661,5860.0,1125.0,1265.0,140.0,1172.0,1157.0,56.7097875150313,1.0,2.0
6.0,-36.0,-35.0,1.0,-35.333333333333336,-35.0,0.5163977794943223,5941.0,1131.0,1319.0,188.0,1188.2,1148.0,80.36603760295763,1.0,2.0
5.0,-36.0,-35.0,1.0,-35.2,-35.0,0.4472135954999579,5304.0,1227.0,1575.0,348.0,1326.0,1251.0,166.54729058138412,1.0,2.0
5.0,-36.0,-35.0,1.0,-35.2,-35.0,0.4472135954999579,5117.0,1211.0,1379.0,168.0,1279.25,1263.5,71.93689364065331,1.0,2.0
6.0,-36.0,-35.0,1.0,-35.666666666666664,-36.0,0.5163977794943223,6121.0,1209.0,1240.0,31.0,1224.2,1223.0,13.663820841916802,1.0,2.0
6.0,-76.0,-73.0,3.0,-74.83333333333333,-75.0,1.3291601358251257,6294.0,1231.0,1306.0,75.0,1258.8,1241.0,33.43202057907957,1.0,45.9
5.0,-76.0,-73.0,3.0,-74.0,-74.0,1.224744871391589,33024.0,1215.0,21123.0,19908.0,8256.0,5343.0,9402.19399927485,1.0,45.9
5.0,-74.0,-74.0,0.0,-74.0,-74.0,0.0,69410.0,1225.0,48940.0,47715.0,17352.5,9622.5,21517.75617949046,1.0,45.9
5.0,-74.0,-73.0,1.0,-73.8,-74.0,0.4472135954999579,57552.0,1194.0,45586.0,44392.0,14388.0,5386.0,20892.52346335087,1.0,45.9
5.0,-74.0,-73.0,1.0,-73.8,-74.0,0.4472135954999579,62109.0,1190.0,48904.0,47714.0,15527.25,6007.5,22706.89395132383,1.0,45.9
5.0,-78.0,-57.0,21.0,-65.0,-58.0,10.14889156509222,15641.0,1185.0,11894.0,10709.0,3910.25,1281.0,5322.694641814426,1.0,45.9
5.0,-59.0,-54.0,5.0,-56.0,-55.0,2.0,5024.0,1203.0,1300.0,97.0,1256.0,1260.5,41.896698358383006,1.0,45.9
5.0,-56.0,-54.0,2.0,-55.0,-55.0,0.7071067811865476,5107.0,1124.0,1397.0,273.0,1276.75,1293.0,120.16759130481063,1.0,45.9
11.0,-62.0,-53.0,9.0,-55.81818181818182,-55.0,2.2723636072680717,6095.0,1176.0,1264.0,88.0,1214.0,1236.0,35.63355160519367,2.0,45.9
10.0,-75.0,-59.0,16.0,-68.8,-69.5,5.370702416299421,6150.0,1218.0,1242.0,24.0,1230.125,1230.0,10.06319318819117,2.0,45.9
8.0,-74.0,-72.0,2.0,-73.0,-73.0,0.7559289460184544,5094.0,1211.0,1395.0,184.0,1288.6666666666667,1244.5,82.97630183773357,2.0,45.9
6.0,-74.0,-72.0,2.0,-72.66666666666667,-72.5,0.816496580927726,41770.0,1293.0,37999.0,36706.0,10765.75,1885.5,18164.0917815893,2.0,45.9
10.0,-73.0,-71.0,2.0,-72.2,-72.0,0.6324555320336758,6193.0,1196.0,1311.0,115.0,1227.875,1217.0,37.91131568730973,2.0,45.9
8.0,-73.0,-72.0,1.0,-72.25,-72.0,0.4629100498862757,111989.0,1243.0,59912.0,58669.0,27137.166666666668,25417.0,28560.87115209665,2.0,45.9
8.0,-73.0,-71.0,2.0,-72.0,-72.0,0.5345224838248488,31026.0,1161.0,11915.0,10754.0,8162.666666666667,8975.0,4003.810668184332,2.0,45.9
8.0,-74.0,-71.0,3.0,-72.125,-72.0,0.8345229603962802,66080.0,1146.0,47600.0,46454.0,19137.833333333332,8667.0,22396.690884295087,2.0,45.9
8.0,-73.0,-71.0,2.0,-71.625,-71.5,0.7440238091428449,163992.0,1188.0,59877.0,58689.0,37509.5,51463.5,28399.73870830505,2.0,45.9
8.0,-72.0,-70.0,2.0,-71.125,-71.0,0.6408699444616557,17633.0,1138.0,8424.0,7286.0,5483.333333333333,6843.0,3405.3549398949103,2.0,45.9
9.0,-47.0,-27.0,20.0,-30.0,-28.0,6.383572667401852,6111.0,1320.0,1992.0,672.0,1542.857142857143,1378.0,308.5408825268966,2.0,1.0
8.0,-64.0,-25.0,39.0,-30.625,-25.5,13.532368602724357,5830.0,1395.0,1526.0,131.0,1458.5,1454.5,60.67866181780874,2.0,1.0
9.0,-87.0,-25.0,62.0,-32.666666666666664,-26.0,20.38381711063951,5700.0,1384.0,1468.0,84.0,1419.7142857142858,1389.0,42.72670626869603,2.0,1.0
8.0,-25.0,-25.0,0.0,-25.0,-25.0,0.0,5677.0,1265.0,1565.0,300.0,1394.3333333333333,1421.5,113.61983394930071,2.0,1.0
8.0,-29.0,-25.0,4.0,-26.875,-27.0,1.4577379737113252,5718.0,1403.0,1459.0,56.0,1427.6666666666667,1426.5,23.846732830026564,2.0,1.0
8.0,-49.0,-27.0,22.0,-32.875,-28.0,9.963325606586244,5681.0,1402.0,1430.0,28.0,1422.3333333333333,1425.5,10.74554171117802,2.0,1.0
11.0,-76.0,-63.0,13.0,-66.0909090909091,-65.0,3.6729972898042127,6273.0,1190.0,1365.0,175.0,1251.6666666666667,1237.0,70.64347103589971,2.0,61.2
8.0,-78.0,-68.0,10.0,-74.75,-76.0,3.5355339059327378,5616.0,1263.0,1768.0,505.0,1357.8333333333333,1267.5,202.00140263539424,2.0,61.2
8.0,-77.0,-73.0,4.0,-75.625,-76.0,1.1877349391654208,5068.0,1228.0,1337.0,109.0,1262.0,1251.5,42.05710403724916,2.0,61.2
8.0,-82.0,-74.0,8.0,-76.25,-75.0,3.058944729337694,5117.0,1218.0,1342.0,124.0,1274.0,1278.5,52.956585992678946,2.0,61.2
10.0,-77.0,-74.0,3.0,-75.5,-75.0,0.97182531580755,6186.0,1218.0,1278.0,60.0,1239.75,1234.5,24.423349483639626,2.0,61.2
10.0,-78.0,-75.0,3.0,-76.7,-77.0,0.8232726023485646,5896.0,706.0,1367.0,661.0,1153.125,1294.0,280.13692442905744,2.0,61.2
8.0,-78.0,-75.0,3.0,-76.25,-76.0,1.164964745021435,5226.0,1255.0,1330.0,75.0,1301.6666666666667,1320.5,36.76773948268599,2.0,61.2
8.0,-76.0,-73.0,3.0,-74.75,-75.0,0.8864052604279183,5027.0,1203.0,1322.0,119.0,1245.8333333333333,1245.0,43.810577109491106,2.0,61.2
8.0,-77.0,-74.0,3.0,-75.5,-75.0,1.3093073414159542,5061.0,1215.0,1316.0,101.0,1274.3333333333333,1269.0,37.73415782373666,2.0,61.2
8.0,-76.0,-73.0,3.0,-74.125,-74.0,0.9910312089651149,5086.0,1236.0,1296.0,60.0,1279.0,1292.0,24.714368290530913,2.0,61.2
8.0,-76.0,-72.0,4.0,-74.5,-74.5,1.3093073414159542,5064.0,1216.0,1318.0,102.0,1267.1666666666667,1265.5,52.503015786397135,2.0,61.2
10.0,-75.0,-72.0,3.0,-73.1,-73.0,0.9944289260117531,6255.0,1231.0,1282.0,51.0,1249.625,1253.0,16.405029716522918,2.0,61.2
8.0,-76.0,-74.0,2.0,-74.25,-74.0,0.7071067811865476,5030.0,1242.0,1266.0,24.0,1258.8333333333333,1261.0,9.282600210429546,2.0,61.2
10.0,-77.0,-75.0,2.0,-75.8,-76.0,0.6324555320336758,5860.0,733.0,1360.0,627.0,1203.375,1231.0,198.76758682297415,2.0,61.2
10.0,-79.0,-76.0,3.0,-77.4,-77.0,1.0749676997731399,6150.0,1209.0,1267.0,58.0,1231.75,1224.0,23.46273641330013,2.0,61.2
7.0,-80.0,-72.0,8.0,-75.42857142857143,-75.0,2.5727509827123995,20783.0,1191.0,17059.0,15868.0,4639.0,1220.0,6966.916642245693,2.0,61.2
8.0,-79.0,-75.0,4.0,-77.125,-77.0,1.4577379737113252,11708.0,1208.0,8034.0,6826.0,3499.8333333333335,1257.0,3512.2173860207836,2.0,61.2
8.0,-79.0,-75.0,4.0,-77.0,-77.0,1.1952286093343936,99349.0,1233.0,48928.0,47695.0,18390.833333333332,9762.5,20555.658816167062,2.0,61.2
8.0,-80.0,-75.0,5.0,-77.625,-78.0,1.7677669529663689,13094.0,1169.0,9559.0,8390.0,2572.5,1171.0,3422.686415668254,2.0,61.2
8.0,-80.0,-75.0,5.0,-78.25,-79.0,1.7525491637693282,23833.0,1189.0,19980.0,18791.0,4389.333333333333,1314.0,7638.141807184956,2.0,61.2
10.0,-79.0,-75.0,4.0,-77.1,-77.0,1.1005049346146119,6245.0,1219.0,1266.0,47.0,1250.875,1251.0,14.554699780974039,2.0,61.2
8.0,-83.0,-74.0,9.0,-78.75,-79.0,3.2841611235921855,15218.0,1172.0,11573.0,10401.0,2947.3333333333335,1236.5,4226.09842131802,2.0,61.2
8.0,-76.0,-74.0,2.0,-75.0,-75.0,0.7559289460184544,5010.0,1179.0,1342.0,163.0,1249.8333333333333,1244.5,60.64129506092912,2.0,61.2
10.0,-80.0,-75.0,5.0,-77.2,-77.0,1.4757295747452437,6170.0,1190.0,1313.0,123.0,1241.875,1225.5,45.545699185386475,2.0,61.2
8.0,-80.0,-75.0,5.0,-77.375,-77.0,1.7677669529663689,5144.0,1259.0,1310.0,51.0,1292.5,1301.0,21.078424988599124,2.0,61.2
10.0,-76.0,-72.0,4.0,-74.8,-75.0,1.3984117975602022,5660.0,721.0,1279.0,558.0,1112.25,1229.0,242.91547618755905,2.0,61.2
8.0,-77.0,-73.0,4.0,-74.625,-74.5,1.407885953173359,5016.0,1234.0,1273.0,39.0,1256.0,1254.5,15.874507866387544,2.0,61.2
8.0,-77.0,-73.0,4.0,-74.5,-74.0,1.1952286093343936,5114.0,1240.0,1325.0,85.0,1271.8333333333333,1274.0,31.076786620670205,2.0,61.2
10.0,-75.0,-72.0,3.0,-73.2,-73.0,0.9189365834726814,6137.0,1146.0,1342.0,196.0,1245.0,1240.5,69.8692656732149,2.0,61.2
8.0,-76.0,-73.0,3.0,-73.75,-73.5,1.0350983390135313,5015.0,1199.0,1296.0,97.0,1246.3333333333333,1260.0,39.118623015983914,2.0,61.2
10.0,-73.0,-72.0,1.0,-72.4,-72.0,0.5163977794943222,6152.0,1197.0,1303.0,106.0,1238.75,1227.5,41.578668981651084,2.0,61.2
10.0,-73.0,-71.0,2.0,-72.1,-72.0,0.5676462121975467,6110.0,1194.0,1270.0,76.0,1226.25,1224.5,31.476748788363043,2.0,61.2
10.0,-76.0,-71.0,5.0,-72.6,-73.0,1.5055453054181618,5543.0,699.0,1228.0,529.0,1085.0,1212.0,238.7245872787899,2.0,61.2
5.0,-79.0,-72.0,7.0,-74.8,-74.0,2.7748873851023217,5069.0,1193.0,1367.0,174.0,1267.25,1254.5,73.04964065620035,1.0,61.2
5.0,-74.0,-72.0,2.0,-73.4,-74.0,0.8944271909999159,5041.0,1237.0,1304.0,67.0,1260.25,1250.0,30.081832834231804,1.0,61.2
6.0,-74.0,-71.0,3.0,-72.83333333333333,-73.0,1.1690451944500122,6234.0,1202.0,1297.0,95.0,1246.8,1240.0,39.00897332665908,1.0,61.2
5.0,-75.0,-73.0,2.0,-74.2,-75.0,1.0954451150103321,5113.0,1257.0,1300.0,43.0,1278.25,1278.0,20.516253719104437,1.0,61.2
5.0,-76.0,-72.0,4.0,-73.8,-74.0,1.4832396974191324,5081.0,1234.0,1288.0,54.0,1270.25,1279.5,24.5,1.0,61.2
6.0,-75.0,-69.0,6.0,-72.83333333333333,-73.5,2.5625508125043424,6106.0,1199.0,1261.0,62.0,1221.2,1211.0,24.08734107368433,1.0,61.2
6.0,-75.0,-73.0,2.0,-74.33333333333333,-74.5,0.816496580927726,6217.0,1225.0,1259.0,34.0,1243.4,1244.0,12.340988615179905,1.0,61.2
5.0,-75.0,-74.0,1.0,-74.4,-74.0,0.5477225575051661,5411.0,1224.0,1688.0,464.0,1352.75,1249.5,223.88594566579354,1.0,61.2
6.0,-75.0,-73.0,2.0,-74.33333333333333,-74.5,0.816496580927726,6175.0,1213.0,1287.0,74.0,1235.0,1223.0,30.56141357987225,1.0,61.2
5.0,-76.0,-75.0,1.0,-75.2,-75.0,0.4472135954999579,5061.0,1215.0,1363.0,148.0,1265.25,1241.5,67.13357331966374,1.0,61.2
5.0,-76.0,-74.0,2.0,-75.2,-75.0,0.8366600265340756,5395.0,1200.0,1628.0,428.0,1348.75,1283.5,190.6014602952104,1.0,61.2
6.0,-76.0,-73.0,3.0,-74.5,-74.5,1.0488088481701516,6214.0,1226.0,1264.0,38.0,1242.8,1233.0,18.185158784019457,1.0,61.2
6.0,-76.0,-74.0,2.0,-74.83333333333333,-75.0,0.7527726527090811,6254.0,1208.0,1295.0,87.0,1250.8,1261.0,36.07907981088209,1.0,61.2
6.0,-76.0,-73.0,3.0,-74.33333333333333,-74.5,1.2110601416389968,6139.0,1163.0,1299.0,136.0,1227.8,1201.0,59.30177063123832,1.0,61.2
5.0,-74.0,-72.0,2.0,-73.6,-74.0,0.8944271909999159,5021.0,1226.0,1308.0,82.0,1255.25,1243.5,36.17895336610315,1.0,61.2
5.0,-75.0,-73.0,2.0,-73.4,-73.0,0.8944271909999159,5044.0,1223.0,1282.0,59.0,1261.0,1269.5,26.038433132583073,1.0,61.2
5.0,-76.0,-72.0,4.0,-74.2,-74.0,1.7888543819998317,5496.0,1201.0,1829.0,628.0,1374.0,1233.0,304.44922948388836,1.0,61.2
5.0,-75.0,-72.0,3.0,-73.8,-74.0,1.0954451150103321,5081.0,1212.0,1390.0,178.0,1270.25,1239.5,81.33213796935789,1.0,61.2
6.0,-78.0,-72.0,6.0,-74.16666666666667,-73.5,2.401388487243717,6150.0,1070.0,1331.0,261.0,1230.0,1260.0,97.12620655621221,1.0,61.2
6.0,-75.0,-71.0,4.0,-73.0,-73.0,1.4142135623730951,6215.0,1156.0,1315.0,159.0,1243.0,1236.0,60.440052945046304,1.0,61.2
6.0,-75.0,-72.0,3.0,-73.33333333333333,-73.5,1.2110601416389968,6161.0,1214.0,1261.0,47.0,1232.2,1231.0,18.619881847100963,1.0,61.2
5.0,-76.0,-75.0,1.0,-75.6,-76.0,0.5477225575051661,5081.0,1203.0,1328.0,125.0,1270.25,1275.0,62.18453719910334,1.0,61.2
6.0,-77.0,-73.0,4.0,-75.33333333333333,-76.0,1.96638416050035,6193.0,1218.0,1259.0,41.0,1238.6,1232.0,17.28583234906552,1.0,61.2
5.0,-76.0,-70.0,6.0,-72.6,-72.0,2.1908902300206643,5112.0,1240.0,1332.0,92.0,1278.0,1270.0,39.89987468652001,1.0,61.2
5.0,-74.0,-72.0,2.0,-73.4,-74.0,0.8944271909999159,5109.0,1221.0,1344.0,123.0,1277.25,1272.0,52.671149598238316,1.0,61.2
5.0,-78.0,-76.0,2.0,-76.8,-76.0,1.0954451150103321,5138.0,1172.0,1374.0,202.0,1284.5,1296.0,85.98643303839663,1.0,76.5
6.0,-81.0,-74.0,7.0,-77.16666666666667,-77.0,3.1885210782848317,6194.0,1170.0,1282.0,112.0,1238.8,1243.0,45.129812762740336,1.0,76.5
6.0,-78.0,-75.0,3.0,-76.33333333333333,-76.5,1.2110601416389968,6221.0,1211.0,1266.0,55.0,1244.2,1248.0,23.091123835794566,1.0,76.5
6.0,-77.0,-70.0,7.0,-74.16666666666667,-74.0,2.6394443859772205,6244.0,1152.0,1345.0,193.0,1248.8,1258.0,72.44101048439343,1.0,76.5
5.0,-77.0,-74.0,3.0,-75.4,-75.0,1.51657508881031,5574.0,1202.0,1815.0,613.0,1393.5,1278.5,283.4601676896891,1.0,76.5
5.0,-77.0,-75.0,2.0,-76.0,-76.0,0.7071067811865476,5194.0,1265.0,1321.0,56.0,1298.5,1304.0,23.727621035409346,1.0,76.5
6.0,-75.0,-72.0,3.0,-73.66666666666667,-73.5,1.2110601416389968,6229.0,1197.0,1280.0,83.0,1245.8,1267.0,40.00874904317804,1.0,76.5
6.0,-79.0,-74.0,5.0,-76.66666666666667,-77.0,1.8618986725025255,5679.0,752.0,1273.0,521.0,1135.8,1227.0,217.9236104693569,1.0,76.5
5.0,-79.0,-75.0,4.0,-76.0,-75.0,1.7320508075688772,5017.0,1241.0,1264.0,23.0,1254.25,1256.0,9.63932916061417,1.0,76.5
5.0,-77.0,-75.0,2.0,-76.0,-76.0,0.7071067811865476,5010.0,1205.0,1305.0,100.0,1252.5,1250.0,49.453682033461035,1.0,76.5
5.0,-81.0,-75.0,6.0,-78.4,-79.0,2.1908902300206643,5002.0,1115.0,1446.0,331.0,1250.5,1220.5,140.40536551950808,1.0,76.5
5.0,-78.0,-75.0,3.0,-76.6,-77.0,1.51657508881031,5015.0,1212.0,1294.0,82.0,1253.75,1254.5,34.37416665656541,1.0,76.5
6.0,-77.0,-73.0,4.0,-75.16666666666667,-75.5,1.4719601443879744,6155.0,1201.0,1266.0,65.0,1231.0,1233.0,26.99073915253156,1.0,76.5
5.0,-79.0,-74.0,5.0,-76.4,-76.0,2.073644135332772,5743.0,1278.0,1824.0,546.0,1435.75,1320.5,259.61558119650675,1.0,76.5
5.0,-78.0,-75.0,3.0,-77.2,-78.0,1.3038404810405297,10923.0,1229.0,7141.0,5912.0,2730.75,1276.5,2940.2907310899263,1.0,76.5
5.0,-80.0,-77.0,3.0,-78.4,-79.0,1.3416407864998738,5052.0,1222.0,1315.0,93.0,1263.0,1257.5,39.11521443121589,1.0,76.5
6.0,-76.0,-73.0,3.0,-74.5,-74.5,1.378404875209022,6180.0,1184.0,1295.0,111.0,1236.0,1251.0,45.332107826572546,1.0,76.5
5.0,-77.0,-74.0,3.0,-75.6,-76.0,1.51657508881031,11466.0,1199.0,7743.0,6544.0,2866.5,1262.0,3251.3525903332393,1.0,76.5
5.0,-76.0,-72.0,4.0,-74.4,-74.0,1.6733200530681511,5175.0,1221.0,1349.0,128.0,1293.75,1302.5,53.26271366224844,1.0,76.5
5.0,-76.0,-74.0,2.0,-74.6,-74.0,0.8944271909999159,5063.0,1229.0,1303.0,74.0,1265.75,1265.5,30.826125283596703,1.0,76.5
5.0,-78.0,-73.0,5.0,-74.6,-74.0,1.9493588689617927,5038.0,1106.0,1412.0,306.0,1259.5,1260.0,125.14125352310218,1.0,76.5
9.0,-75.0,-73.0,2.0,-74.22222222222223,-74.0,0.8333333333333334,5052.0,1174.0,1306.0,132.0,1256.857142857143,1276.0,57.30162467571221,2.0,76.5
8.0,-76.0,-73.0,3.0,-74.75,-75.0,1.2817398889233114,6160.0,1209.0,2414.0,1205.0,1630.5,1268.5,607.6501460544546,2.0,76.5
8.0,-76.0,-73.0,3.0,-74.625,-74.5,1.0606601717798212,5401.0,1215.0,1715.0,500.0,1392.5,1238.5,249.9565962322259,2.0,76.5
10.0,-76.0,-72.0,4.0,-73.5,-73.0,1.0801234497346435,6170.0,1171.0,1298.0,127.0,1227.875,1219.5,56.24547600855176,2.0,76.5
8.0,-78.0,-74.0,4.0,-75.875,-75.5,1.3562026818605375,5195.0,1241.0,1372.0,131.0,1296.1666666666667,1291.0,43.76490222389017,2.0,76.5
10.0,-78.0,-75.0,3.0,-76.3,-76.0,0.9486832980505138,66843.0,1181.0,61879.0,60698.0,8816.375,1252.5,21440.57519176133,2.0,76.5
8.0,-79.0,-72.0,7.0,-76.75,-77.0,2.3145502494313788,5096.0,1218.0,1313.0,95.0,1271.1666666666667,1283.5,44.84380299067717,2.0,76.5
10.0,-77.0,-74.0,3.0,-76.0,-76.0,1.1547005383792515,6161.0,1210.0,1243.0,33.0,1231.5,1239.0,14.19255337945119,2.0,76.5
6.0,-80.0,-75.0,5.0,-76.83333333333333,-76.0,1.834847859269718,5056.0,1234.0,2546.0,1312.0,1896.75,1903.5,741.2527121929021,2.0,76.5
6.0,-82.0,-79.0,3.0,-80.83333333333333,-81.0,1.1690451944500122,5622.0,1188.0,3094.0,1906.0,2179.0,2217.0,1058.3717053411183,2.0,76.5
10.0,-82.0,-80.0,2.0,-80.8,-80.5,0.9189365834726814,6173.0,1218.0,1275.0,57.0,1238.625,1231.0,23.433416310900977,2.0,76.5
8.0,-82.0,-78.0,4.0,-79.75,-79.5,1.2817398889233114,5018.0,1223.0,1343.0,120.0,1264.8333333333333,1228.5,60.204374148949235,2.0,76.5
8.0,-82.0,-76.0,6.0,-79.5,-79.5,1.7728105208558367,5160.0,1252.0,1338.0,86.0,1288.3333333333333,1285.0,27.688746209726915,2.0,76.5
10.0,-79.0,-75.0,4.0,-77.4,-78.0,1.3498971154211057,5825.0,793.0,1295.0,502.0,1145.75,1247.5,218.4469533515435,2.0,76.5
10.0,-77.0,-75.0,2.0,-76.5,-77.0,0.7071067811865476,6202.0,1161.0,1318.0,157.0,1225.125,1219.0,54.54863491810379,2.0,76.5
8.0,-78.0,-73.0,5.0,-75.375,-75.5,1.5059406173077154,5001.0,1197.0,1289.0,92.0,1239.1666666666667,1235.0,39.351831808273765,2.0,76.5
8.0,-79.0,-75.0,4.0,-76.875,-76.5,1.4577379737113252,5601.0,1204.0,1747.0,543.0,1348.8333333333333,1288.0,203.99256522399696,2.0,76.5
10.0,-78.0,-74.0,4.0,-76.8,-77.0,1.3165611772087666,6325.0,1210.0,1361.0,151.0,1256.375,1227.0,57.146272219379526,2.0,76.5
10.0,-81.0,-76.0,5.0,-78.6,-78.5,1.505545305418162,6226.0,1179.0,1291.0,112.0,1242.375,1242.5,45.235692292070176,2.0,76.5
9.0,-82.0,-77.0,5.0,-79.33333333333333,-80.0,1.6583123951776997,5021.0,1201.0,1309.0,108.0,1262.5714285714287,1308.0,56.97618550136288,2.0,91.8
10.0,-85.0,-77.0,8.0,-80.5,-81.0,2.592724864350674,6048.0,1141.0,1311.0,170.0,1205.625,1173.5,58.02447143847401,2.0,91.8
8.0,-87.0,-81.0,6.0,-82.625,-82.5,1.9955307206712847,5163.0,1259.0,1351.0,92.0,1282.8333333333333,1274.0,34.37101492052085,2.0,91.8
8.0,-87.0,-82.0,5.0,-85.25,-85.0,1.5811388300841898,5143.0,1248.0,1322.0,74.0,1285.5,1287.0,33.38113239541163,2.0,91.8
8.0,-87.0,-84.0,3.0,-85.25,-85.0,1.0350983390135313,5165.0,1268.0,1310.0,42.0,1292.0,1293.5,14.352700094407323,2.0,91.8
8.0,-88.0,-83.0,5.0,-85.125,-85.0,1.6420805617960927,5051.0,1200.0,1361.0,161.0,1256.8333333333333,1245.0,54.297022631693785,2.0,91.8
8.0,-86.0,-83.0,3.0,-84.5,-84.5,0.9258200997725514,5094.0,1239.0,1315.0,76.0,1269.1666666666667,1270.5,28.456399397440755,2.0,91.8
8.0,-87.0,-82.0,5.0,-83.875,-83.0,1.8850918886280925,5585.0,1242.0,1802.0,560.0,1348.6666666666667,1264.5,222.487452829742,2.0,91.8
10.0,-83.0,-81.0,2.0,-82.3,-83.0,0.9486832980505138,6331.0,1216.0,1343.0,127.0,1259.375,1237.0,47.36767282199357,2.0,91.8
8.0,-85.0,-80.0,5.0,-82.5,-82.5,1.6035674514745464,5092.0,1233.0,1328.0,95.0,1267.0,1266.0,35.541525009487145,2.0,91.8
10.0,-85.0,-82.0,3.0,-83.7,-83.5,1.0593499054713802,5849.0,803.0,1292.0,489.0,1144.625,1240.5,211.95143480119617,2.0,91.8
10.0,-85.0,-80.0,5.0,-82.3,-82.5,1.766981104093143,6290.0,1209.0,1342.0,133.0,1250.375,1227.0,48.435339813581805,2.0,91.8
8.0,-83.0,-80.0,3.0,-81.5,-82.0,1.3093073414159542,5186.0,1236.0,1366.0,130.0,1303.0,1292.5,55.310035255819535,2.0,91.8
10.0,-85.0,-80.0,5.0,-82.5,-82.5,1.6499158227686108,6188.0,1214.0,1263.0,49.0,1233.125,1231.5,16.923673191293734,2.0,91.8
10.0,-84.0,-80.0,4.0,-81.8,-81.5,1.475729574745244,6234.0,1100.0,1322.0,222.0,1255.75,1284.5,68.466362961259,2.0,91.8
8.0,-86.0,-76.0,10.0,-82.125,-82.5,2.799872446074234,5098.0,1221.0,1320.0,99.0,1270.0,1278.5,42.83456548162943,2.0,91.8
10.0,-83.0,-76.0,7.0,-81.1,-81.0,1.9692073983655904,6131.0,1179.0,1319.0,140.0,1217.75,1215.5,43.87563593352726,2.0,91.8
8.0,-83.0,-79.0,4.0,-81.0,-80.5,1.5118578920369088,5634.0,1277.0,1700.0,423.0,1437.5,1329.0,205.79674438629976,2.0,91.8
8.0,-83.0,-81.0,2.0,-82.0,-82.0,0.7559289460184544,5185.0,1258.0,1329.0,71.0,1299.1666666666667,1299.5,29.768551638712065,2.0,91.8
10.0,-83.0,-78.0,5.0,-80.5,-81.0,1.5811388300841898,6173.0,1189.0,1264.0,75.0,1233.25,1239.5,30.2265257206788,2.0,91.8
8.0,-90.0,-80.0,10.0,-85.5,-86.5,3.070597894314954,5189.0,1205.0,1444.0,239.0,1285.0,1270.0,93.51363536939412,2.0,91.8
10.0,-87.0,-76.0,11.0,-82.1,-82.5,3.4785054261852175,5714.0,670.0,1316.0,646.0,1109.875,1214.0,275.6817199494477,2.0,91.8
10.0,-84.0,-80.0,4.0,-82.2,-82.0,1.3165611772087666,6239.0,1184.0,1300.0,116.0,1241.625,1245.5,39.88890823274059,2.0,91.8
8.0,-84.0,-81.0,3.0,-82.125,-82.0,0.9910312089651149,6274.0,1217.0,2542.0,1325.0,1672.3333333333333,1261.5,662.3493539414579,2.0,91.8
8.0,-83.0,-75.0,8.0,-81.25,-82.0,2.712405363721075,5549.0,1225.0,1677.0,452.0,1419.8333333333333,1324.5,203.4644113024847,2.0,91.8
5.0,-85.0,-78.0,7.0,-82.6,-83.0,2.8809720581775866,5038.0,1196.0,1315.0,119.0,1259.5,1263.5,53.38226921616078,1.0,91.8
5.0,-87.0,-83.0,4.0,-85.2,-85.0,1.7888543819998317,5037.0,1225.0,1305.0,80.0,1259.25,1253.5,34.41293361513953,1.0,91.8
5.0,-89.0,-85.0,4.0,-87.4,-87.0,1.6733200530681511,5011.0,1237.0,1278.0,41.0,1252.75,1248.0,17.783419243778738,1.0,91.8
5.0,-85.0,-78.0,7.0,-81.8,-83.0,2.7748873851023217,5636.0,1229.0,1840.0,611.0,1409.0,1283.5,289.1170466552719,1.0,91.8
6.0,-84.0,-81.0,3.0,-82.0,-82.0,1.0954451150103321,6301.0,1220.0,1367.0,147.0,1260.2,1237.0,61.617367681523035,1.0,91.8
5.0,-83.0,-76.0,7.0,-81.0,-82.0,2.8284271247461903,5022.0,1226.0,1313.0,87.0,1255.5,1241.5,39.07684736515984,1.0,91.8
6.0,-83.0,-80.0,3.0,-81.33333333333333,-81.0,1.505545305418162,5728.0,707.0,1302.0,595.0,1145.6,1232.0,249.92458862624943,1.0,91.8
6.0,-83.0,-80.0,3.0,-81.16666666666667,-81.0,1.1690451944500122,6101.0,1172.0,1260.0,88.0,1220.2,1209.0,36.03054259930039,1.0,91.8
6.0,-84.0,-81.0,3.0,-82.66666666666667,-83.0,1.0327955589886446,6162.0,1200.0,1279.0,79.0,1232.4,1230.0,30.98870762068015,1.0,91.8
5.0,-85.0,-81.0,4.0,-83.4,-84.0,1.816590212458495,5101.0,1219.0,1345.0,126.0,1275.25,1268.5,62.994047337823915,1.0,91.8
5.0,-86.0,-81.0,5.0,-82.8,-82.0,1.9235384061671343,5105.0,1232.0,1320.0,88.0,1276.25,1276.5,37.133767202731626,1.0,91.8
6.0,-87.0,-80.0,7.0,-82.83333333333333,-82.5,2.9268868558020253,6143.0,1187.0,1292.0,105.0,1228.6,1208.0,44.99222154995239,1.0,91.8
5.0,-85.0,-82.0,3.0,-83.8,-84.0,1.3038404810405297,5092.0,1226.0,1343.0,117.0,1273.0,1261.5,51.59457335805772,1.0,91.8
6.0,-85.0,-80.0,5.0,-82.5,-83.0,1.760681686165901,6204.0,1220.0,1277.0,57.0,1240.8,1239.0,21.856349191939625,1.0,91.8
6.0,-86.0,-82.0,4.0,-84.16666666666667,-84.5,1.4719601443879744,5521.0,666.0,1268.0,602.0,1104.2,1209.0,247.53625997013046,1.0,91.8
6.0,-86.0,-82.0,4.0,-83.83333333333333,-83.5,1.4719601443879744,6254.0,1196.0,1357.0,161.0,1250.8,1250.0,65.77005397595474,1.0,91.8
6.0,-85.0,-82.0,3.0,-83.66666666666667,-84.0,1.0327955589886446,6232.0,1172.0,1334.0,162.0,1246.4,1242.0,58.98135298549873,1.0,91.8
5.0,-82.0,-80.0,2.0,-81.4,-82.0,0.8944271909999159,5102.0,1212.0,1407.0,195.0,1275.5,1241.5,91.55872432488343,1.0,91.8
6.0,-86.0,-80.0,6.0,-83.16666666666667,-83.0,2.48327740429189,6103.0,1158.0,1258.0,100.0,1220.6,1227.0,39.796984810409946,1.0,91.8
5.0,-88.0,-82.0,6.0,-85.2,-86.0,2.2803508501982757,7411.0,1278.0,3532.0,2254.0,1852.75,1300.5,1119.5538918098882,1.0,91.8
5.0,-86.0,-82.0,4.0,-84.6,-85.0,1.51657508881031,5765.0,1238.0,1927.0,689.0,1441.25,1300.0,325.7896816454853,1.0,91.8
5.0,-88.0,-86.0,2.0,-86.8,-87.0,0.8366600265340756,5137.0,1229.0,1326.0,97.0,1284.25,1291.0,42.6800109340817,1.0,91.8
5.0,-86.0,-84.0,2.0,-84.4,-84.0,0.8944271909999159,5012.0,1239.0,1266.0,27.0,1253.0,1253.5,11.224972160321824,1.0,91.8
6.0,-86.0,-86.0,0.0,-86.0,-86.0,0.0,6995.0,728.0,2327.0,1599.0,1399.0,1288.0,581.5573918367817,1.0,91.8
5.0,-86.0,-81.0,5.0,-84.6,-85.0,2.073644135332772,5096.0,1237.0,1320.0,83.0,1274.0,1269.5,35.14730904825195,1.0,91.8
5.0,-83.0,-81.0,2.0,-82.0,-82.0,0.7071067811865476,5065.0,1253.0,1279.0,26.0,1266.25,1266.5,10.996211468804457,1.0,91.8
6.0,-84.0,-82.0,2.0,-82.83333333333333,-83.0,0.7527726527090811,6029.0,788.0,1339.0,551.0,1205.8,1330.0,237.58724713250078,1.0,91.8
6.0,-84.0,-80.0,4.0,-82.16666666666667,-82.0,1.602081978759722,6261.0,1221.0,1294.0,73.0,1252.2,1249.0,29.994999583263873,1.0,91.8
5.0,-86.0,-82.0,4.0,-83.6,-83.0,1.51657508881031,5166.0,1243.0,1338.0,95.0,1291.5,1292.5,46.10495273467555,1.0,91.8
6.0,-86.0,-84.0,2.0,-85.5,-86.0,0.8366600265340756,6205.0,1193.0,1276.0,83.0,1241.0,1251.0,30.732718721258617,1.0,91.8
5.0,-85.0,-77.0,8.0,-81.0,-81.0,3.1622776601683795,5106.0,1224.0,1376.0,152.0,1276.5,1253.0,70.50531894828929,1.0,91.8
5.0,-85.0,-77.0,8.0,-81.6,-81.0,3.1304951684997055,5368.0,1190.0,1698.0,508.0,1342.0,1240.0,241.3144559836121,1.0,107.1
6.0,-86.0,-77.0,9.0,-80.83333333333333,-81.0,3.488074922742725,6153.0,1148.0,1365.0,217.0,1230.6,1229.0,87.01896345050314,1.0,107.1
6.0,-86.0,-79.0,7.0,-82.66666666666667,-83.5,3.011090610836324,6215.0,1184.0,1326.0,142.0,1243.0,1249.0,57.67581815631227,1.0,107.1
5.0,-88.0,-81.0,7.0,-84.6,-85.0,2.701851217221259,5005.0,1200.0,1329.0,129.0,1251.25,1238.0,58.80688735173798,1.0,107.1
5.0,-81.0,-79.0,2.0,-80.2,-81.0,1.0954451150103321,5107.0,1221.0,1350.0,129.0,1276.75,1268.0,53.77964298877411,1.0,107.1
6.0,-89.0,-81.0,8.0,-86.0,-87.0,3.3466401061363023,6256.0,1136.0,1348.0,212.0,1251.2,1250.0,76.11307377842522,1.0,107.1
5.0,-86.0,-82.0,4.0,-84.2,-85.0,1.6431676725154982,5432.0,1123.0,1726.0,603.0,1358.0,1291.5,261.54540714759264,1.0,107.1
6.0,-84.0,-79.0,5.0,-82.33333333333333,-83.0,1.9663841605003498,6220.0,1188.0,1282.0,94.0,1244.0,1251.0,35.19232870953555,1.0,107.1
6.0,-85.0,-83.0,2.0,-84.16666666666667,-84.5,0.9831920802501751,6252.0,1226.0,1284.0,58.0,1250.4,1231.0,30.270447634615515,1.0,107.1
6.0,-85.0,-82.0,3.0,-84.16666666666667,-84.5,1.1690451944500122,5813.0,818.0,1297.0,479.0,1162.6,1239.0,195.44897032217898,1.0,107.1
6.0,-85.0,-82.0,3.0,-83.83333333333333,-84.0,1.3291601358251257,6153.0,1194.0,1297.0,103.0,1230.6,1219.0,41.0280391927277,1.0,107.1
6.0,-89.0,-84.0,5.0,-85.83333333333333,-85.5,1.7224014243685082,6210.0,1219.0,1268.0,49.0,1242.0,1232.0,23.29162939770423,1.0,107.1
6.0,-85.0,-82.0,3.0,-84.0,-84.5,1.2649110640673518,6264.0,1184.0,1289.0,105.0,1252.8,1273.0,45.63112972522157,1.0,107.1
5.0,-88.0,-84.0,4.0,-85.8,-85.0,1.6431676725154982,5017.0,1174.0,1319.0,145.0,1254.25,1262.0,62.50533310579719,1.0,107.1
5.0,-88.0,-82.0,6.0,-86.0,-87.0,2.5495097567963922,5507.0,1232.0,1742.0,510.0,1376.75,1266.5,244.50954309937816,1.0,107.1
5.0,-84.0,-78.0,6.0,-81.4,-82.0,2.4083189157584592,5025.0,1235.0,1278.0,43.0,1256.25,1256.0,17.576025337563287,1.0,107.1
5.0,-87.0,-78.0,9.0,-82.6,-83.0,3.2093613071762426,5035.0,1209.0,1281.0,72.0,1258.75,1272.5,33.826764551165695,1.0,107.1
5.0,-85.0,-80.0,5.0,-83.4,-84.0,1.9493588689617924,5022.0,1177.0,1304.0,127.0,1255.5,1270.5,55.0060602721797,1.0,107.1
6.0,-86.0,-84.0,2.0,-84.83333333333333,-85.0,0.7527726527090811,6216.0,1206.0,1292.0,86.0,1243.2,1246.0,35.12406582387637,1.0,107.1
5.0,-85.0,-80.0,5.0,-82.4,-82.0,2.073644135332772,5046.0,1209.0,1352.0,143.0,1261.5,1242.5,63.33245613427605,1.0,107.1
6.0,-84.0,-77.0,7.0,-79.83333333333333,-79.5,2.3166067138525404,6590.0,1193.0,1709.0,516.0,1318.0,1237.0,219.99090890307264,1.0,107.1
5.0,-81.0,-78.0,3.0,-78.8,-78.0,1.3038404810405297,5230.0,1229.0,1419.0,190.0,1307.5,1291.0,91.63150840913475,1.0,107.1
5.0,-82.0,-79.0,3.0,-80.0,-80.0,1.224744871391589,5085.0,1208.0,1385.0,177.0,1271.25,1246.0,81.43862719864573,1.0,107.1
5.0,-81.0,-80.0,1.0,-80.4,-80.0,0.5477225575051661,5095.0,1213.0,1325.0,112.0,1273.75,1278.5,48.46562355594599,1.0,107.1
5.0,-83.0,-79.0,4.0,-81.0,-81.0,1.5811388300841898,5124.0,1256.0,1311.0,55.0,1281.0,1278.5,22.93468988235943,1.0,107.1
6.0,-86.0,-80.0,6.0,-82.0,-81.5,2.280350850198276,6218.0,1209.0,1284.0,75.0,1243.6,1242.0,28.07668071549769,1.0,107.1
5.0,-80.0,-77.0,3.0,-78.8,-79.0,1.3038404810405297,5598.0,1218.0,1864.0,646.0,1399.5,1258.0,310.51516334418625,1.0,107.1
6.0,-82.0,-79.0,3.0,-80.5,-81.0,1.224744871391589,6290.0,1231.0,1295.0,64.0,1258.0,1249.0,28.24889378365107,1.0,107.1
6.0,-82.0,-78.0,4.0,-79.5,-79.5,1.51657508881031,6192.0,1223.0,1263.0,40.0,1238.4,1239.0,16.36459593146131,1.0,107.1
6.0,-84.0,-77.0,7.0,-80.66666666666667,-80.5,2.943920288775949,5900.0,716.0,1367.0,651.0,1180.0,1256.0,266.8435871442295,1.0,107.1
9.0,-82.0,-76.0,6.0,-78.11111111111111,-77.0,2.420973174388992,5034.0,1219.0,1303.0,84.0,1252.142857142857,1252.0,28.597369176368723,2.0,107.1
8.0,-80.0,-77.0,3.0,-78.5,-78.5,0.9258200997725514,5037.0,1210.0,1346.0,136.0,1253.1666666666667,1240.5,50.316663906370685,2.0,107.1
10.0,-81.0,-77.0,4.0,-79.5,-80.0,1.4337208778404378,5816.0,784.0,1287.0,503.0,1141.25,1242.0,221.09580987177742,2.0,107.1
8.0,-84.0,-80.0,4.0,-82.0,-82.0,1.3093073414159542,5218.0,1265.0,1378.0,113.0,1298.0,1287.0,43.31743298026789,2.0,107.1
8.0,-83.0,-81.0,2.0,-81.875,-82.0,0.8345229603962802,5003.0,1214.0,1292.0,78.0,1246.8333333333333,1248.0,31.237264071404635,2.0,107.1
8.0,-84.0,-81.0,3.0,-82.75,-83.0,1.2817398889233114,5085.0,1215.0,1399.0,184.0,1257.8333333333333,1235.5,70.67790791093542,2.0,107.1
10.0,-84.0,-80.0,4.0,-82.5,-83.0,1.2692955176439846,5725.0,701.0,1298.0,597.0,1112.75,1236.5,255.24875821721164,2.0,107.1
8.0,-84.0,-81.0,3.0,-82.625,-82.5,1.0606601717798212,5045.0,1210.0,1355.0,145.0,1245.8333333333333,1220.0,56.60535899247232,2.0,107.1
8.0,-83.0,-79.0,4.0,-81.625,-82.0,1.407885953173359,5168.0,1259.0,1315.0,56.0,1290.5,1297.5,25.633961847517835,2.0,107.1
8.0,-83.0,-77.0,6.0,-78.875,-78.5,1.9594095320493148,5060.0,1230.0,1341.0,111.0,1258.1666666666667,1244.5,41.9591070766129,2.0,107.1
10.0,-80.0,-79.0,1.0,-79.5,-79.5,0.5270462766947299,6043.0,1077.0,1270.0,193.0,1197.875,1226.0,76.34964215464835,2.0,107.1
8.0,-82.0,-79.0,3.0,-80.875,-81.0,0.9910312089651149,5315.0,1238.0,1406.0,168.0,1331.0,1335.5,60.959002616512684,2.0,107.1
8.0,-83.0,-79.0,4.0,-80.875,-81.0,1.4577379737113252,5238.0,1211.0,1393.0,182.0,1312.0,1317.0,58.75712722725644,2.0,107.1
10.0,-81.0,-80.0,1.0,-80.4,-80.0,0.5163977794943222,6814.0,1217.0,1876.0,659.0,1314.0,1239.5,227.33801140278197,2.0,107.1
10.0,-82.0,-79.0,3.0,-80.9,-81.0,0.9944289260117533,6167.0,1178.0,1266.0,88.0,1240.625,1247.0,30.63582170317244,2.0,107.1
8.0,-82.0,-76.0,6.0,-79.125,-78.5,2.295181287579947,5040.0,1191.0,1322.0,131.0,1259.0,1263.5,59.39023488756379,2.0,107.1
8.0,-82.0,-78.0,4.0,-79.5,-79.0,1.4142135623730951,5027.0,1188.0,1282.0,94.0,1249.0,1278.0,46.887098438696334,2.0,107.1
10.0,-82.0,-79.0,3.0,-80.3,-80.0,0.8232726023485645,5842.0,712.0,1330.0,618.0,1134.25,1252.0,263.109835837214,2.0,107.1
8.0,-81.0,-78.0,3.0,-79.625,-79.5,1.0606601717798212,5025.0,1218.0,1294.0,76.0,1258.0,1256.5,36.193922141707716,2.0,107.1
10.0,-81.0,-76.0,5.0,-79.3,-79.5,1.70293863659264,6100.0,1202.0,1251.0,49.0,1223.625,1221.5,22.045002673103554,2.0,107.1
8.0,-80.0,-78.0,2.0,-78.5,-78.0,0.7559289460184544,5149.0,1255.0,1329.0,74.0,1284.5,1282.5,30.78148794324277,2.0,107.1
8.0,-82.0,-79.0,3.0,-80.25,-80.0,1.2817398889233114,5521.0,1195.0,1769.0,574.0,1333.0,1278.5,217.60055146988944,2.0,107.1
10.0,-85.0,-80.0,5.0,-80.8,-80.0,1.549193338482967,6257.0,1202.0,1274.0,72.0,1247.125,1255.5,30.493266235585285,2.0,107.1
8.0,-81.0,-79.0,2.0,-80.25,-80.0,0.7071067811865476,5204.0,1253.0,1347.0,94.0,1301.5,1302.5,49.870833159272564,2.0,107.1
10.0,-82.0,-77.0,5.0,-80.1,-80.5,1.5238839267549946,5935.0,774.0,1374.0,600.0,1158.25,1237.0,242.52290024419787,2.0,107.1
8.0,-81.0,-77.0,4.0,-78.75,-78.5,1.5811388300841898,5103.0,1240.0,1301.0,61.0,1282.3333333333333,1290.0,23.2952069462082,2.0,107.1
10.0,-80.0,-76.0,4.0,-77.5,-77.5,1.35400640077266,6203.0,1219.0,1281.0,62.0,1237.5,1233.0,20.304819976688155,2.0,107.1
10.0,-80.0,-77.0,3.0,-79.0,-79.0,1.0540925533894598,6185.0,1206.0,1292.0,86.0,1232.25,1226.0,27.592700898193037,2.0,107.1
8.0,-79.0,-77.0,2.0,-78.125,-78.0,0.8345229603962802,5567.0,1210.0,1732.0,522.0,1351.3333333333333,1312.5,194.4074758507673,2.0,107.1
8.0,-79.0,-77.0,2.0,-78.125,-78.0,0.8345229603962802,5095.0,1191.0,1378.0,187.0,1270.1666666666667,1263.0,61.45703105964903,2.0,107.1
8.0,-80.0,-76.0,4.0,-78.25,-78.5,1.2817398889233114,5008.0,1221.0,1274.0,53.0,1249.5,1256.5,24.20537130473317,2.0,107.1
8.0,-83.0,-78.0,5.0,-80.875,-81.5,1.7268882005337975,5138.0,1232.0,1322.0,90.0,1287.0,1292.0,34.26951998496623,2.0,107.1
10.0,-79.0,-75.0,4.0,-77.0,-77.0,1.3333333333333333,5739.0,784.0,1275.0,491.0,1177.375,1237.0,163.96771241401677,2.0,107.1
8.0,-79.0,-75.0,4.0,-77.875,-78.0,1.3562026818605375,5232.0,1256.0,1405.0,149.0,1300.5,1285.5,55.64440672700177,2.0,107.1
8.0,-81.0,-78.0,3.0,-80.25,-81.0,1.3887301496588271,5178.0,1238.0,1412.0,174.0,1277.3333333333333,1247.5,67.85769423334885,2.0,107.1
10.0,-82.0,-79.0,3.0,-81.1,-81.5,1.1972189997378644,5593.0,696.0,1293.0,597.0,1094.625,1182.5,250.53368037052422,2.0,107.1
10.0,-83.0,-77.0,6.0,-80.0,-80.0,1.8856180831641267,6064.0,1179.0,1259.0,80.0,1208.375,1203.5,25.834293376938227,2.0,107.1
8.0,-84.0,-78.0,6.0,-81.875,-82.0,1.807721533549109,5002.0,1247.0,1253.0,6.0,1250.3333333333333,1251.0,2.804757862395017,2.0,107.1
8.0,-84.0,-81.0,3.0,-82.375,-82.0,0.9161253813129043,5033.0,1230.0,1287.0,57.0,1260.5,1258.0,24.913851568956577,2.0,107.1
8.0,-83.0,-78.0,5.0,-80.375,-80.0,1.5979898086569353,5162.0,1229.0,1381.0,152.0,1298.5,1276.0,68.66367307390422,2.0,107.1
8.0,-84.0,-81.0,3.0,-82.375,-82.0,0.9161253813129043,5006.0,1182.0,1320.0,138.0,1239.0,1246.0,51.99615370390391,2.0,107.1
8.0,-86.0,-80.0,6.0,-82.25,-82.0,1.9086270308410553,5303.0,1242.0,1402.0,160.0,1313.1666666666667,1329.5,61.69089614089478,2.0,107.1
8.0,-88.0,-77.0,11.0,-81.875,-81.0,3.090885217631258,5070.0,1214.0,1322.0,108.0,1274.8333333333333,1267.0,41.930498049351456,2.0,107.1
8.0,-88.0,-77.0,11.0,-81.125,-79.0,4.189698250300543,5577.0,1223.0,1759.0,536.0,1426.5,1297.5,259.81974520809615,2.0,107.1
8.0,-82.0,-75.0,7.0,-79.0,-79.0,2.449489742783178,5088.0,1221.0,1329.0,108.0,1277.6666666666667,1269.0,45.28428719397785,2.0,107.1
8.0,-81.0,-76.0,5.0,-77.75,-77.0,1.7525491637693282,5111.0,1220.0,1324.0,104.0,1272.6666666666667,1283.5,45.57923503819109,2.0,107.1
8.0,-82.0,-76.0,6.0,-79.375,-80.0,2.2638462845343543,5248.0,1267.0,1361.0,94.0,1311.3333333333333,1310.0,29.964423349476732,2.0,107.1
10.0,-81.0,-77.0,4.0,-79.3,-79.5,1.4944341180973264,5779.0,756.0,1294.0,538.0,1124.125,1228.5,228.592861718321,2.0,107.1
8.0,-79.0,-76.0,3.0,-77.875,-78.0,0.8345229603962802,5170.0,1266.0,1328.0,62.0,1294.0,1288.0,30.099833886584822,2.0,107.1
11.0,-47.0,-42.0,5.0,-44.27272727272727,-44.0,1.6180796699117808,6221.0,843.0,1431.0,588.0,1223.4444444444443,1314.0,218.73049119356398,2.0,1.0
8.0,-42.0,-35.0,7.0,-40.375,-41.0,2.326094212561969,5667.0,1397.0,1437.0,40.0,1416.1666666666667,1416.5,19.98416039433898,2.0,1.0
8.0,-35.0,-33.0,2.0,-33.75,-34.0,0.7071067811865476,5549.0,1325.0,1423.0,98.0,1382.8333333333333,1400.5,47.70918849306354,2.0,1.0
8.0,-34.0,-32.0,2.0,-33.0,-33.0,0.7559289460184544,6103.0,1352.0,1982.0,630.0,1572.8333333333333,1385.0,317.2591474909221,2.0,1.0
8.0,-34.0,-31.0,3.0,-32.625,-32.5,1.0606601717798212,5485.0,1319.0,1472.0,153.0,1360.6666666666667,1347.0,57.58356246939457,2.0,1.0
8.0,-33.0,-31.0,2.0,-32.25,-32.0,0.7071067811865476,5092.0,1212.0,1385.0,173.0,1262.5,1247.5,65.78981684121031,2.0,1.0
8.0,-33.0,-31.0,2.0,-32.0,-32.0,0.5345224838248488,5536.0,1332.0,1425.0,93.0,1387.6666666666667,1389.5,39.00598244714093,2.0,1.0
8.0,-32.0,-31.0,1.0,-31.75,-32.0,0.4629100498862757,5096.0,1173.0,1387.0,214.0,1270.6666666666667,1267.5,104.41583532523535,2.0,1.0
8.0,-34.0,-31.0,3.0,-32.125,-32.0,0.8345229603962802,5220.0,1241.0,1412.0,171.0,1295.6666666666667,1283.5,66.1019414742613,2.0,1.0
8.0,-35.0,-32.0,3.0,-32.625,-32.0,1.1877349391654208,5302.0,1232.0,1388.0,156.0,1339.6666666666667,1348.0,57.33294573512394,2.0,1.0
8.0,-35.0,-33.0,2.0,-34.125,-34.0,0.8345229603962802,5376.0,1326.0,1368.0,42.0,1345.0,1341.5,18.76166303929372,2.0,1.0
8.0,-35.0,-32.0,3.0,-32.875,-32.0,1.246423454758225,5898.0,1286.0,1926.0,640.0,1418.3333333333333,1325.0,250.2779787889192,2.0,1.0
8.0,-54.0,-31.0,23.0,-34.375,-32.0,7.945124291035352,5349.0,1328.0,1346.0,18.0,1339.5,1342.0,7.368853370776216,2.0,1.0
8.0,-34.0,-32.0,2.0,-32.75,-32.5,0.8864052604279183,5634.0,1365.0,1457.0,92.0,1400.3333333333333,1403.0,34.05094222876463,2.0,1.0
10.0,-34.0,-33.0,1.0,-33.4,-33.0,0.5163977794943222,6338.0,894.0,1462.0,568.0,1236.875,1328.0,216.60262331876646,2.0,1.0
8.0,-34.0,-33.0,1.0,-33.625,-34.0,0.5175491695067657,5339.0,1304.0,1367.0,63.0,1341.0,1340.0,24.04994802489186,2.0,1.0
6.0,-34.0,-33.0,1.0,-33.833333333333336,-34.0,0.408248290463863,5509.0,1359.0,2784.0,1425.0,2073.25,2075.0,820.7083830447938,2.0,1.0
8.0,-35.0,-33.0,2.0,-34.0,-34.0,0.5345224838248488,5369.0,1323.0,1365.0,42.0,1344.5,1340.5,17.77357589231835,2.0,1.0
10.0,-35.0,-33.0,2.0,-33.9,-34.0,0.5676462121975466,5934.0,723.0,1464.0,741.0,1143.75,1246.5,270.187104482378,2.0,1.0
10.0,-35.0,-33.0,2.0,-33.8,-34.0,0.7888106377466155,6124.0,1185.0,1247.0,62.0,1227.75,1233.0,20.830952244882408,2.0,1.0
10.0,-33.0,-32.0,1.0,-32.9,-33.0,0.3162277660168379,6091.0,1168.0,1310.0,142.0,1227.125,1214.5,55.62229126631054,2.0,1.0
10.0,-34.0,-32.0,2.0,-32.9,-33.0,0.5676462121975466,6083.0,1124.0,1279.0,155.0,1218.75,1254.0,67.61392502393909,2.0,1.0
8.0,-33.0,-32.0,1.0,-32.25,-32.0,0.4629100498862757,5071.0,1220.0,1341.0,121.0,1263.5,1255.0,40.46603514059662,2.0,1.0
8.0,-33.0,-31.0,2.0,-32.0,-32.0,0.5345224838248488,5534.0,1357.0,1418.0,61.0,1382.1666666666667,1379.5,19.732376102909317,2.0,1.0
8.0,-32.0,-31.0,1.0,-31.75,-32.0,0.4629100498862757,5471.0,1296.0,1429.0,133.0,1369.8333333333333,1373.0,42.447222131332296,2.0,1.0
10.0,-36.0,-32.0,4.0,-33.3,-33.0,1.4181364924121767,6192.0,761.0,1447.0,686.0,1222.75,1375.5,292.47502945917086,2.0,1.0
8.0,-34.0,-30.0,4.0,-31.625,-31.0,1.5979898086569353,5520.0,1347.0,1425.0,78.0,1389.0,1389.0,32.42221460665511,2.0,1.0
8.0,-31.0,-30.0,1.0,-30.75,-31.0,0.4629100498862757,5189.0,1168.0,1380.0,212.0,1289.5,1320.5,99.12366014226876,2.0,1.0
8.0,-32.0,-31.0,1.0,-31.625,-32.0,0.5175491695067657,5320.0,1166.0,1773.0,607.0,1283.5,1190.5,240.00562493408356,2.0,1.0
10.0,-32.0,-31.0,1.0,-31.9,-32.0,0.31622776601683794,6295.0,1226.0,1320.0,94.0,1254.75,1243.0,32.613537942744834,2.0,1.0
8.0,-32.0,-31.0,1.0,-31.125,-31.0,0.3535533905932738,5558.0,1336.0,1462.0,126.0,1398.3333333333333,1380.5,52.01025539897556,2.0,1.0
8.0,-32.0,-31.0,1.0,-31.125,-31.0,0.3535533905932738,5459.0,1257.0,1495.0,238.0,1340.0,1323.0,89.61249912819082,2.0,1.0
8.0,-31.0,-30.0,1.0,-30.75,-31.0,0.4629100498862757,6214.0,1277.0,2051.0,774.0,1590.3333333333333,1443.0,364.69091936414685,2.0,1.0
8.0,-30.0,-30.0,0.0,-30.0,-30.0,0.0,5612.0,1373.0,1434.0,61.0,1401.0,1402.5,27.371518043396865,2.0,1.0
8.0,-31.0,-29.0,2.0,-30.125,-30.0,0.6408699444616557,5215.0,1180.0,1487.0,307.0,1294.0,1274.0,113.9438458188945,2.0,1.0
8.0,-30.0,-30.0,0.0,-30.0,-30.0,0.0,5636.0,1345.0,1470.0,125.0,1408.5,1410.5,64.71707657179827,2.0,1.0
8.0,-31.0,-30.0,1.0,-30.125,-30.0,0.3535533905932738,5024.0,893.0,1413.0,520.0,1306.1666666666667,1400.0,205.5640208467101,2.0,1.0
8.0,-31.0,-30.0,1.0,-30.125,-30.0,0.3535533905932738,5198.0,1236.0,1368.0,132.0,1280.0,1246.0,60.91305278838026,2.0,1.0
8.0,-31.0,-30.0,1.0,-30.25,-30.0,0.4629100498862757,5145.0,1204.0,1347.0,143.0,1289.8333333333333,1297.0,49.26831300812589,2.0,1.0
8.0,-31.0,-30.0,1.0,-30.625,-31.0,0.5175491695067657,5657.0,1232.0,1887.0,655.0,1365.8333333333333,1269.0,255.78617372068152,2.0,1.0
7.0,-31.0,-30.0,1.0,-30.714285714285715,-31.0,0.4879500364742666,5594.0,1384.0,2817.0,1433.0,1677.2,1393.0,637.2430462547237,2.0,1.0
8.0,-34.0,-30.0,4.0,-32.375,-32.5,1.1877349391654208,5798.0,1360.0,1538.0,178.0,1426.3333333333333,1400.0,74.94442385305705,2.0,1.0
7.0,-32.0,-30.0,2.0,-30.285714285714285,-30.0,0.7559289460184543,5365.0,1316.0,2663.0,1347.0,1602.8,1333.0,593.3647276338559,2.0,1.0
8.0,-30.0,-30.0,0.0,-30.0,-30.0,0.0,6557.0,1182.0,2830.0,1648.0,1498.0,1249.0,654.0247701731181,2.0,1.0
8.0,-30.0,-29.0,1.0,-29.75,-30.0,0.4629100498862757,5151.0,1239.0,1336.0,97.0,1284.0,1288.0,42.51587938641279,2.0,1.0
8.0,-30.0,-30.0,0.0,-30.0,-30.0,0.0,5484.0,1247.0,1443.0,196.0,1379.6666666666667,1397.0,73.36120682395203,2.0,1.0
5.0,-32.0,-31.0,1.0,-31.6,-32.0,0.5477225575051661,5118.0,1078.0,1389.0,311.0,1279.5,1325.5,139.19410907075056,1.0,1.0
5.0,-33.0,-31.0,2.0,-32.2,-32.0,0.8366600265340756,6442.0,1018.0,2651.0,1633.0,1610.5,1386.5,715.3444391806416,1.0,1.0
5.0,-33.0,-31.0,2.0,-31.8,-32.0,0.8366600265340756,5058.0,1223.0,1338.0,115.0,1264.5,1248.5,51.64300533470143,1.0,1.0
5.0,-33.0,-32.0,1.0,-32.6,-33.0,0.5477225575051661,5490.0,1332.0,1432.0,100.0,1372.5,1363.0,43.393547907494266,1.0,1.0
6.0,-33.0,-32.0,1.0,-32.333333333333336,-32.0,0.5163977794943222,5919.0,797.0,1350.0,553.0,1183.8,1299.0,226.4811250413597,1.0,1.0
5.0,-33.0,-32.0,1.0,-32.2,-32.0,0.4472135954999579,5033.0,1234.0,1284.0,50.0,1258.25,1257.5,24.472773987978286,1.0,1.0
5.0,-32.0,-31.0,1.0,-31.4,-31.0,0.5477225575051661,5207.0,1250.0,1329.0,79.0,1301.75,1314.0,35.2550232827418,1.0,1.0
6.0,-32.0,-31.0,1.0,-31.833333333333332,-32.0,0.40824829046386296,5893.0,875.0,1339.0,464.0,1178.6,1215.0,177.75488741522693,1.0,1.0
5.0,-32.0,-31.0,1.0,-31.2,-31.0,0.4472135954999579,5064.0,1225.0,1340.0,115.0,1266.0,1249.5,52.64345480050994,1.0,1.0
5.0,-32.0,-30.0,2.0,-31.0,-31.0,0.7071067811865476,5651.0,1357.0,1462.0,105.0,1412.75,1416.0,46.32044185166343,1.0,1.0
5.0,-32.0,-31.0,1.0,-31.4,-31.0,0.5477225575051661,5066.0,830.0,1495.0,665.0,1266.5,1370.5,297.063966175637,1.0,1.0
5.0,-32.0,-31.0,1.0,-31.2,-31.0,0.4472135954999579,5424.0,1268.0,1488.0,220.0,1356.0,1334.0,107.77754868245984,1.0,1.0
5.0,-31.0,-31.0,0.0,-31.0,-31.0,0.0,5015.0,1211.0,1321.0,110.0,1253.75,1241.5,48.971930735881756,1.0,1.0
6.0,-31.0,-31.0,0.0,-31.0,-31.0,0.0,6292.0,810.0,1424.0,614.0,1258.4,1359.0,252.85826069163727,1.0,1.0
5.0,-32.0,-30.0,2.0,-31.0,-31.0,0.7071067811865476,5093.0,1254.0,1303.0,49.0,1273.25,1268.0,23.084987907007157,1.0,1.0
5.0,-31.0,-31.0,0.0,-31.0,-31.0,0.0,5286.0,1249.0,1387.0,138.0,1321.5,1325.0,60.63277441560244,1.0,1.0
5.0,-31.0,-30.0,1.0,-30.4,-30.0,0.5477225575051661,5576.0,1328.0,1420.0,92.0,1394.0,1414.0,44.15880433163923,1.0,1.0
5.0,-31.0,-30.0,1.0,-30.8,-31.0,0.4472135954999579,5141.0,1241.0,1333.0,92.0,1285.25,1283.5,41.50803135137424,1.0,1.0
6.0,-32.0,-29.0,3.0,-30.833333333333332,-31.0,0.9831920802501751,6115.0,1178.0,1333.0,155.0,1223.0,1195.0,63.39163982734632,1.0,1.0
5.0,-32.0,-31.0,1.0,-31.4,-31.0,0.5477225575051661,5135.0,1171.0,1368.0,197.0,1283.75,1298.0,91.68196841982252,1.0,1.0
5.0,-32.0,-31.0,1.0,-31.4,-31.0,0.5477225575051661,5500.0,1359.0,1391.0,32.0,1375.0,1375.0,15.405626677721791,1.0,1.0
6.0,-51.0,-46.0,5.0,-49.0,-49.0,1.6733200530681511,5468.0,1072.0,1144.0,72.0,1093.6,1081.0,30.2539253651489,1.0,5.0
6.0,-48.0,-44.0,4.0,-45.333333333333336,-45.0,1.505545305418162,5914.0,1084.0,1406.0,322.0,1182.8,1123.0,132.2372867235259,1.0,5.0
6.0,-50.0,-43.0,7.0,-47.5,-48.0,2.4289915602982237,5746.0,1085.0,1177.0,92.0,1149.2,1169.0,38.042081961953656,1.0,5.0
5.0,-49.0,-47.0,2.0,-48.0,-48.0,0.7071067811865476,5076.0,1210.0,1361.0,151.0,1269.0,1252.5,71.41895173318261,1.0,5.0
6.0,-49.0,-48.0,1.0,-48.5,-48.5,0.5477225575051661,6027.0,1145.0,1252.0,107.0,1205.4,1216.0,46.97126781341973,1.0,5.0
6.0,-48.0,-46.0,2.0,-47.166666666666664,-47.5,0.983192080250175,5588.0,1090.0,1162.0,72.0,1117.6,1105.0,31.64332473050201,1.0,5.0
6.0,-48.0,-47.0,1.0,-47.5,-47.5,0.5477225575051661,5741.0,1047.0,1239.0,192.0,1148.2,1177.0,86.808409730855,1.0,5.0
6.0,-48.0,-47.0,1.0,-47.5,-47.5,0.5477225575051661,5460.0,650.0,1298.0,648.0,1092.0,1170.0,253.18767742526492,1.0,5.0
5.0,-48.0,-47.0,1.0,-47.4,-47.0,0.5477225575051661,6109.0,1210.0,2334.0,1124.0,1527.25,1282.5,539.2311656423431,1.0,5.0
6.0,-47.0,-46.0,1.0,-46.666666666666664,-47.0,0.5163977794943223,5987.0,1106.0,1260.0,154.0,1197.4,1226.0,61.91768729531167,1.0,5.0
6.0,-48.0,-47.0,1.0,-47.166666666666664,-47.0,0.408248290463863,5688.0,833.0,1249.0,416.0,1137.6,1227.0,176.90618982952518,1.0,5.0
6.0,-47.0,-46.0,1.0,-46.666666666666664,-47.0,0.5163977794943223,5669.0,1100.0,1154.0,54.0,1133.8,1136.0,21.004761364985796,1.0,5.0
6.0,-47.0,-47.0,0.0,-47.0,-47.0,0.0,5808.0,1101.0,1261.0,160.0,1161.6,1149.0,63.32298161015478,1.0,5.0
5.0,-48.0,-47.0,1.0,-47.2,-47.0,0.4472135954999579,5394.0,1176.0,1770.0,594.0,1348.5,1224.0,282.1412175962007,1.0,5.0
6.0,-48.0,-47.0,1.0,-47.166666666666664,-47.0,0.408248290463863,5757.0,1084.0,1203.0,119.0,1151.4,1163.0,53.172361241532236,1.0,5.0
6.0,-47.0,-47.0,0.0,-47.0,-47.0,0.0,6027.0,1120.0,1298.0,178.0,1205.4,1213.0,67.47814460994019,1.0,5.0
5.0,-48.0,-46.0,2.0,-46.8,-47.0,0.8366600265340756,5015.0,1197.0,1318.0,121.0,1253.75,1250.0,50.71078123371137,1.0,5.0
6.0,-48.0,-47.0,1.0,-47.666666666666664,-48.0,0.5163977794943223,5713.0,1105.0,1177.0,72.0,1142.6,1139.0,33.74611088703408,1.0,5.0
6.0,-49.0,-47.0,2.0,-47.833333333333336,-48.0,0.752772652709081,6107.0,1149.0,1325.0,176.0,1221.4,1205.0,74.47348521453793,1.0,5.0
5.0,-48.0,-47.0,1.0,-47.4,-47.0,0.5477225575051661,5007.0,1169.0,1345.0,176.0,1251.75,1246.5,72.11738116894337,1.0,5.0
5.0,-48.0,-47.0,1.0,-47.6,-48.0,0.5477225575051661,5167.0,1270.0,1312.0,42.0,1291.75,1292.5,19.972898304118676,1.0,5.0
6.0,-48.0,-47.0,1.0,-47.333333333333336,-47.0,0.5163977794943223,5778.0,1102.0,1210.0,108.0,1155.6,1147.0,41.95592925916431,1.0,5.0
6.0,-47.0,-46.0,1.0,-46.333333333333336,-46.0,0.5163977794943223,5826.0,1090.0,1275.0,185.0,1165.2,1122.0,86.36955482112896,1.0,5.0
5.0,-47.0,-46.0,1.0,-46.4,-46.0,0.5477225575051661,5067.0,1227.0,1335.0,108.0,1266.75,1252.5,48.52748362182678,1.0,5.0
5.0,-48.0,-46.0,2.0,-47.2,-47.0,0.8366600265340756,5091.0,1247.0,1304.0,57.0,1272.75,1270.0,23.71181140275875,1.0,5.0
6.0,-47.0,-45.0,2.0,-46.0,-46.0,0.6324555320336759,5613.0,1064.0,1176.0,112.0,1122.6,1112.0,42.90454521376493,1.0,5.0
11.0,-48.0,-46.0,2.0,-47.0,-47.0,0.7745966692414834,5879.0,1090.0,1296.0,206.0,1162.4444444444443,1197.0,73.8716980837572,2.0,5.0
8.0,-47.0,-46.0,1.0,-46.625,-47.0,0.5175491695067657,5051.0,1210.0,1323.0,113.0,1264.1666666666667,1259.0,57.94278787447724,2.0,5.0
10.0,-48.0,-47.0,1.0,-47.2,-47.0,0.4216370213557839,5784.0,837.0,1294.0,457.0,1179.625,1201.0,147.61623749245396,2.0,5.0
10.0,-47.0,-47.0,0.0,-47.0,-47.0,0.0,5899.0,1090.0,1275.0,185.0,1171.75,1134.0,82.39755544224077,2.0,5.0
10.0,-48.0,-47.0,1.0,-47.2,-47.0,0.4216370213557839,5729.0,1115.0,1180.0,65.0,1150.375,1148.5,22.551132375749372,2.0,5.0
10.0,-48.0,-47.0,1.0,-47.1,-47.0,0.3162277660168379,6066.0,1137.0,1259.0,122.0,1217.5,1255.5,54.954526656136345,2.0,5.0
10.0,-49.0,-46.0,3.0,-47.6,-47.5,0.9660917830792959,5768.0,1097.0,1242.0,145.0,1149.625,1154.0,50.9479776691031,2.0,5.0
10.0,-48.0,-46.0,2.0,-47.1,-47.0,0.5676462121975466,5735.0,1086.0,1351.0,265.0,1129.0,1095.5,90.43071538871229,2.0,5.0
8.0,-48.0,-46.0,2.0,-47.125,-47.0,0.6408699444616557,5032.0,1195.0,1315.0,120.0,1269.1666666666667,1268.5,44.36853239252642,2.0,5.0
10.0,-48.0,-47.0,1.0,-47.7,-48.0,0.48304589153964794,5279.0,773.0,1196.0,423.0,1073.75,1094.0,132.42221436429335,2.0,5.0
8.0,-48.0,-47.0,1.0,-47.875,-48.0,0.3535533905932738,5083.0,1236.0,1326.0,90.0,1274.6666666666667,1260.5,43.27431878916948,2.0,5.0
8.0,-48.0,-47.0,1.0,-47.25,-47.0,0.4629100498862757,5078.0,1214.0,1340.0,126.0,1258.5,1259.0,46.14217160039176,2.0,5.0
10.0,-48.0,-47.0,1.0,-47.8,-48.0,0.4216370213557839,5351.0,631.0,1318.0,687.0,1098.625,1081.5,225.63177176224858,2.0,5.0
10.0,-48.0,-47.0,1.0,-47.9,-48.0,0.31622776601683783,5782.0,1092.0,1223.0,131.0,1147.75,1144.5,45.458772530722825,2.0,5.0
10.0,-48.0,-47.0,1.0,-47.3,-47.0,0.4830458915396479,6255.0,1220.0,1287.0,67.0,1244.625,1241.0,24.13022704291978,2.0,5.0
10.0,-47.0,-47.0,0.0,-47.0,-47.0,0.0,5997.0,1112.0,1296.0,184.0,1192.875,1153.5,80.10071784946749,2.0,5.0
10.0,-48.0,-47.0,1.0,-47.7,-48.0,0.48304589153964794,5617.0,795.0,1263.0,468.0,1115.75,1225.0,204.48105046678532,2.0,5.0
8.0,-48.0,-46.0,2.0,-47.0,-47.0,0.5345224838248488,5021.0,1225.0,1293.0,68.0,1256.5,1251.5,31.078931770574098,2.0,5.0
9.0,-47.0,-46.0,1.0,-46.888888888888886,-47.0,0.33333333333333337,5604.0,1100.0,2201.0,1101.0,1273.857142857143,1112.0,409.2796226588975,2.0,5.0
10.0,-47.0,-46.0,1.0,-46.8,-47.0,0.4216370213557839,5434.0,714.0,1253.0,539.0,1131.0,1180.5,182.3857763877749,2.0,5.0
10.0,-47.0,-47.0,0.0,-47.0,-47.0,0.0,5739.0,1086.0,1230.0,144.0,1145.25,1126.5,52.22136946281118,2.0,5.0
10.0,-47.0,-46.0,1.0,-46.6,-47.0,0.5163977794943222,5932.0,1143.0,1243.0,100.0,1190.625,1201.0,42.644502241538376,2.0,5.0
8.0,-47.0,-47.0,0.0,-47.0,-47.0,0.0,5090.0,1180.0,1395.0,215.0,1290.8333333333333,1260.0,86.22161368628325,2.0,5.0
10.0,-47.0,-47.0,0.0,-47.0,-47.0,0.0,5486.0,665.0,1314.0,649.0,1071.75,1188.0,258.82081501632416,2.0,5.0
10.0,-48.0,-47.0,1.0,-47.3,-47.0,0.48304589153964794,6194.0,1214.0,1265.0,51.0,1241.75,1241.5,17.10263137648707,2.0,5.0
8.0,-47.0,-47.0,0.0,-47.0,-47.0,0.0,5781.0,1145.0,2181.0,1036.0,1345.5,1146.5,414.48654984209077,2.0,5.0
8.0,-48.0,-47.0,1.0,-47.125,-47.0,0.3535533905932738,5006.0,1220.0,1330.0,110.0,1259.3333333333333,1228.0,55.033323238440424,2.0,5.0
10.0,-48.0,-47.0,1.0,-47.1,-47.0,0.3162277660168379,5404.0,801.0,1227.0,426.0,1107.375,1127.0,133.6754465113171,2.0,5.0
10.0,-48.0,-47.0,1.0,-47.4,-47.0,0.5163977794943222,6103.0,1161.0,1263.0,102.0,1230.125,1237.5,36.270560671549745,2.0,5.0
10.0,-47.0,-47.0,0.0,-47.0,-47.0,0.0,5921.0,1156.0,1216.0,60.0,1178.5,1175.5,20.156530313665453,2.0,5.0
8.0,-47.0,-47.0,0.0,-47.0,-47.0,0.0,5170.0,1041.0,1642.0,601.0,1333.5,1243.5,252.55553844649697,2.0,5.0
10.0,-48.0,-47.0,1.0,-47.4,-47.0,0.5163977794943222,5603.0,1094.0,1151.0,57.0,1118.75,1109.5,24.725637359978062,2.0,5.0
10.0,-48.0,-47.0,1.0,-47.3,-47.0,0.48304589153964794,5529.0,1092.0,1116.0,24.0,1104.125,1103.5,11.281305648853644,2.0,5.0
10.0,-48.0,-47.0,1.0,-47.4,-47.0,0.5163977794943222,6100.0,1069.0,1348.0,279.0,1202.125,1194.5,128.09085782030996,2.0,5.0
10.0,-48.0,-47.0,1.0,-47.1,-47.0,0.31622776601683783,5977.0,1098.0,1246.0,148.0,1185.625,1197.5,61.67874720795533,2.0,5.0
8.0,-47.0,-47.0,0.0,-47.0,-47.0,0.0,5088.0,1235.0,1298.0,63.0,1267.1666666666667,1277.5,26.118320517725994,2.0,5.0
8.0,-47.0,-47.0,0.0,-47.0,-47.0,0.0,5127.0,1246.0,1337.0,91.0,1273.0,1265.0,33.81715540964378,2.0,5.0
